This is XeTeX, Version 3.141592653-2.6-0.999993 (TeX Live 2022/dev/Debian) (preloaded format=xelatex 2026.4.1)  5 MAY 2026 01:00
entering extended mode
 \write18 enabled.
 file:line:error style messages enabled.
 %&-line parsing enabled.
**vkr.tex
(./vkr.tex
LaTeX2e <2021-11-15> patch level 1
L3 programming layer <2022-01-21> (./matmex-diploma-custom.cls
Document Class: matmex-diploma-custom 2020/12/09 MatMex LaTeX diploma class
(/usr/share/texlive/texmf-dist/tex/latex/extsizes/extarticle.cls
Document Class: extarticle 1996/10/08 v1.0 Non Standard LaTeX document class
(/usr/share/texlive/texmf-dist/tex/latex/extsizes/size14.clo
File: size14.clo 1999/11/11 v1.4a NON-Standard LaTeX file (size option)
)
(/usr/share/texlive/texmf-dist/tex/latex/base/exscale.sty
Package: exscale 2018/09/24 v2.1i Standard LaTeX package exscale
LaTeX Font Info:    Redeclaring symbol font `largesymbols' on input line 57.
LaTeX Font Info:    Overwriting symbol font `largesymbols' in version `normal'
(Font)                  OMX/cmex/m/n --> OMX/cmex/m/n on input line 57.
LaTeX Font Info:    Overwriting symbol font `largesymbols' in version `bold'
(Font)                  OMX/cmex/m/n --> OMX/cmex/m/n on input line 57.
\big@size=\dimen138
)
\c@part=\count181
\c@section=\count182
\c@subsection=\count183
\c@subsubsection=\count184
\c@paragraph=\count185
\c@subparagraph=\count186
\c@figure=\count187
\c@table=\count188
\abovecaptionskip=\skip47
\belowcaptionskip=\skip48
\bibindent=\dimen139
)
(/usr/share/texlive/texmf-dist/tex/latex/geometry/geometry.sty
Package: geometry 2020/01/02 v5.9 Page Geometry

(/usr/share/texlive/texmf-dist/tex/latex/graphics/keyval.sty
Package: keyval 2014/10/28 v1.15 key=value parser (DPC)
\KV@toks@=\toks16
)
(/usr/share/texlive/texmf-dist/tex/generic/iftex/ifvtex.sty
Package: ifvtex 2019/10/25 v1.7 ifvtex legacy package. Use iftex instead.

(/usr/share/texlive/texmf-dist/tex/generic/iftex/iftex.sty
Package: iftex 2020/03/06 v1.0d TeX engine tests
))
\Gm@cnth=\count189
\Gm@cntv=\count190
\c@Gm@tempcnt=\count191
\Gm@bindingoffset=\dimen140
\Gm@wd@mp=\dimen141
\Gm@odd@mp=\dimen142
\Gm@even@mp=\dimen143
\Gm@layoutwidth=\dimen144
\Gm@layoutheight=\dimen145
\Gm@layouthoffset=\dimen146
\Gm@layoutvoffset=\dimen147
\Gm@dimlist=\toks17
)
(/usr/share/texlive/texmf-dist/tex/latex/fancyhdr/fancyhdr.sty
Package: fancyhdr 2021/01/28 v4.0.1 Extensive control of page headers and foote
rs
\f@nch@headwidth=\skip49
\f@nch@O@elh=\skip50
\f@nch@O@erh=\skip51
\f@nch@O@olh=\skip52
\f@nch@O@orh=\skip53
\f@nch@O@elf=\skip54
\f@nch@O@erf=\skip55
\f@nch@O@olf=\skip56
\f@nch@O@orf=\skip57
)
(/usr/share/texlive/texmf-dist/tex/latex/base/ifthen.sty
Package: ifthen 2020/11/24 v1.1c Standard LaTeX ifthen package (DPC)
)
(/usr/share/texlive/texmf-dist/tex/latex/fontspec/fontspec.sty
(/usr/share/texlive/texmf-dist/tex/latex/l3packages/xparse/xparse.sty
(/usr/share/texlive/texmf-dist/tex/latex/l3kernel/expl3.sty
Package: expl3 2022-01-21 L3 programming layer (loader) 

(/usr/share/texlive/texmf-dist/tex/latex/l3backend/l3backend-xetex.def
File: l3backend-xetex.def 2022-01-12 L3 backend support: XeTeX

(|extractbb --version)
\c__kernel_sys_dvipdfmx_version_int=\count192
\l__color_backend_stack_int=\count193
\g__color_backend_stack_int=\count194
\g__graphics_track_int=\count195
\l__pdf_internal_box=\box50
\g__pdf_backend_object_int=\count196
\g__pdf_backend_annotation_int=\count197
\g__pdf_backend_link_int=\count198
))
Package: xparse 2022-01-12 L3 Experimental document command parser
)
Package: fontspec 2022/01/15 v2.8a Font selection for XeLaTeX and LuaLaTeX

(/usr/share/texlive/texmf-dist/tex/latex/fontspec/fontspec-xetex.sty
Package: fontspec-xetex 2022/01/15 v2.8a Font selection for XeLaTeX and LuaLaTe
X
\l__fontspec_script_int=\count199
\l__fontspec_language_int=\count266
\l__fontspec_strnum_int=\count267
\l__fontspec_tmp_int=\count268
\l__fontspec_tmpa_int=\count269
\l__fontspec_tmpb_int=\count270
\l__fontspec_tmpc_int=\count271
\l__fontspec_em_int=\count272
\l__fontspec_emdef_int=\count273
\l__fontspec_strong_int=\count274
\l__fontspec_strongdef_int=\count275
\l__fontspec_tmpa_dim=\dimen148
\l__fontspec_tmpb_dim=\dimen149
\l__fontspec_tmpc_dim=\dimen150

(/usr/share/texlive/texmf-dist/tex/latex/base/fontenc.sty
Package: fontenc 2021/04/29 v2.0v Standard LaTeX package
)
(/usr/share/texlive/texmf-dist/tex/latex/fontspec/fontspec.cfg)))

Package fontspec Info: Font family 'CMUSerif(0)' created for font 'CMU Serif'
(fontspec)             with options [Ligatures=TeX].
(fontspec)              
(fontspec)              This font family consists of the following NFSS
(fontspec)             series/shapes:
(fontspec)              
(fontspec)             - 'normal' (m/n) with NFSS spec.: <->"CMU
(fontspec)             Serif/OT:script=latn;language=dflt;mapping=tex-text;"
(fontspec)             - 'small caps'  (m/sc) with NFSS spec.: <->"CMU
(fontspec)             Serif/OT:script=latn;language=dflt;+smcp;mapping=tex-tex
t;"
(fontspec)             - 'bold' (b/n) with NFSS spec.: <->"CMU
(fontspec)             Serif/B/OT:script=latn;language=dflt;mapping=tex-text;"
(fontspec)             - 'bold small caps'  (b/sc) with NFSS spec.: <->"CMU
(fontspec)             Serif/B/OT:script=latn;language=dflt;+smcp;mapping=tex-t
ext;"
(fontspec)             - 'italic' (m/it) with NFSS spec.: <->"CMU
(fontspec)             Serif/I/OT:script=latn;language=dflt;mapping=tex-text;"
(fontspec)             - 'italic small caps'  (m/scit) with NFSS spec.: 
(fontspec)             - 'bold italic' (b/it) with NFSS spec.: <->"CMU
(fontspec)             Serif/BI/OT:script=latn;language=dflt;mapping=tex-text;"

(fontspec)             - 'bold italic small caps'  (b/scit) with NFSS spec.: 


Package fontspec Info: Font family 'CMUSansSerif(0)' created for font 'CMU
(fontspec)             Sans Serif' with options [Ligatures=TeX].
(fontspec)              
(fontspec)              This font family consists of the following NFSS
(fontspec)             series/shapes:
(fontspec)              
(fontspec)             - 'normal' (m/n) with NFSS spec.: <->"CMU Sans
(fontspec)             Serif/OT:script=latn;language=dflt;mapping=tex-text;"
(fontspec)             - 'small caps'  (m/sc) with NFSS spec.: 
(fontspec)             - 'bold' (b/n) with NFSS spec.: <->"CMU Sans
(fontspec)             Serif/B/OT:script=latn;language=dflt;mapping=tex-text;"
(fontspec)             - 'bold small caps'  (b/sc) with NFSS spec.: 
(fontspec)             - 'italic' (m/it) with NFSS spec.: <->"CMU Sans
(fontspec)             Serif/I/OT:script=latn;language=dflt;mapping=tex-text;"
(fontspec)             - 'italic small caps'  (m/scit) with NFSS spec.: 
(fontspec)             - 'bold italic' (b/it) with NFSS spec.: <->"CMU Sans
(fontspec)             Serif/BI/OT:script=latn;language=dflt;mapping=tex-text;"

(fontspec)             - 'bold italic small caps'  (b/scit) with NFSS spec.: 


Package fontspec Info: Font family 'CMUTypewriterText(0)' created for font
(fontspec)             'CMU Typewriter Text' with options
(fontspec)             [WordSpace={1,0,0},HyphenChar=None,PunctuationSpace=Word
Space].
(fontspec)              
(fontspec)              This font family consists of the following NFSS
(fontspec)             series/shapes:
(fontspec)              
(fontspec)             - 'normal' (m/n) with NFSS spec.: <->"CMU Typewriter
(fontspec)             Text/OT:script=latn;language=dflt;"
(fontspec)             - 'small caps'  (m/sc) with NFSS spec.: 
(fontspec)             and font adjustment code:
(fontspec)             \fontdimen 2\font =1\fontdimen 2\font \fontdimen 3\font
(fontspec)             =0\fontdimen 3\font \fontdimen 4\font =0\fontdimen
(fontspec)             4\font \fontdimen 7\font =0\fontdimen 2\font
(fontspec)             \tex_hyphenchar:D \font =-1\scan_stop: 
(fontspec)             - 'bold' (b/n) with NFSS spec.: <->"CMU Typewriter
(fontspec)             Text/B/OT:script=latn;language=dflt;"
(fontspec)             - 'bold small caps'  (b/sc) with NFSS spec.: 
(fontspec)             and font adjustment code:
(fontspec)             \fontdimen 2\font =1\fontdimen 2\font \fontdimen 3\font
(fontspec)             =0\fontdimen 3\font \fontdimen 4\font =0\fontdimen
(fontspec)             4\font \fontdimen 7\font =0\fontdimen 2\font
(fontspec)             \tex_hyphenchar:D \font =-1\scan_stop: 
(fontspec)             - 'italic' (m/it) with NFSS spec.: <->"CMU Typewriter
(fontspec)             Text/I/OT:script=latn;language=dflt;"
(fontspec)             - 'italic small caps'  (m/scit) with NFSS spec.: 
(fontspec)             and font adjustment code:
(fontspec)             \fontdimen 2\font =1\fontdimen 2\font \fontdimen 3\font
(fontspec)             =0\fontdimen 3\font \fontdimen 4\font =0\fontdimen
(fontspec)             4\font \fontdimen 7\font =0\fontdimen 2\font
(fontspec)             \tex_hyphenchar:D \font =-1\scan_stop: 
(fontspec)             - 'bold italic' (b/it) with NFSS spec.: <->"CMU
(fontspec)             Typewriter Text/BI/OT:script=latn;language=dflt;"
(fontspec)             - 'bold italic small caps'  (b/scit) with NFSS spec.: 
(fontspec)             and font adjustment code:
(fontspec)             \fontdimen 2\font =1\fontdimen 2\font \fontdimen 3\font
(fontspec)             =0\fontdimen 3\font \fontdimen 4\font =0\fontdimen
(fontspec)             4\font \fontdimen 7\font =0\fontdimen 2\font
(fontspec)             \tex_hyphenchar:D \font =-1\scan_stop: 


(/usr/share/texlive/texmf-dist/tex/latex/polyglossia/polyglossia.sty
Package: polyglossia 2021/04/12 v1.53 Modern multilingual typesetting with XeLa
TeX and LuaLaTeX

(/usr/share/texlive/texmf-dist/tex/latex/etoolbox/etoolbox.sty
Package: etoolbox 2020/10/05 v2.5k e-TeX tools for LaTeX (JAW)
\etb@tempcnta=\count276
)
(/usr/share/texlive/texmf-dist/tex/latex/makecmds/makecmds.sty
Package: makecmds 2009/09/03 v1.0a extra command making commands
)
(/usr/share/texlive/texmf-dist/tex/latex/xkeyval/xkeyval.sty
Package: xkeyval 2020/11/20 v2.8 package option processing (HA)

(/usr/share/texlive/texmf-dist/tex/generic/xkeyval/xkeyval.tex
(/usr/share/texlive/texmf-dist/tex/generic/xkeyval/xkvutils.tex
\XKV@toks=\toks18
\XKV@tempa@toks=\toks19
)
\XKV@depth=\count277
File: xkeyval.tex 2014/12/03 v2.7a key=value parser (HA)
))
(/usr/share/texlive/texmf-dist/tex/latex/l3packages/l3keys2e/l3keys2e.sty
Package: l3keys2e 2022-01-12 LaTeX2e option processing using LaTeX3 keys
)

LaTeX hooks Warning: Generic hook 'file/after/tracklang.sty' is deprecated.
(hooks)              Use hook 'file/tracklang.sty/after' instead.


LaTeX hooks Warning: Generic hook 'package/after/bidi' is deprecated.
(hooks)              Use hook 'package/bidi/after' instead.


LaTeX hooks Warning: Generic hook 'package/after/luabidi' is deprecated.
(hooks)              Use hook 'package/luabidi/after' instead.

\xpg@normalclass=\XeTeXcharclass1
(/usr/share/texlive/texmf-dist/tex/latex/polyglossia/gloss-latex.ldf
File: gloss-latex.ldf polyglossia: module for default language
The property list \polyglossia@langsetup contains the pairs (without outer
braces):
>  {latex/script}  =>  {latin}
>  {latex/lcscript}  =>  {latin}
>  {latex/scripttag}  =>  {}
>  {latex/language}  =>  {Latex}
>  {latex/langtag}  =>  {ENG}
>  {latex/bcp47}  =>  {}
>  {latex/hyphennames}  =>  {english}
>  {latex/direction}  =>  {LR}
>  {latex/hyphenmins}  =>  {2,3}
>  {latex/frenchspacing}  =>  {false}
>  {latex/indentfirst}  =>  {false}
>  {latex/fontsetup}  =>  {true}
>  {latex/envname}  =>  {latex}
>  {latex/babelname}  =>  {latex}
>  {latex/localnumeral}  =>  {polyglossia@C@localnumeral}
>  {latex/Localnumeral}  =>  {polyglossia@C@localnumeral}.
)
Package polyglossia Info: Default language is latex.
)
(/usr/share/texlive/texmf-dist/tex/latex/polyglossia/gloss-russian.ldf
File: gloss-russian.ldf polyglossia: module for russian

(/usr/share/texlive/texmf-dist/tex/latex/polyglossia/xpg-cyrillicnumbers.sty
Package: xpg-cyrillicnumbers 2019/11/15 v0.2 Formatting of Cyrillic alphabetic 
numbers
)
The property list \polyglossia@langsetup contains the pairs (without outer
braces):
>  {latex/script}  =>  {latin}
>  {latex/lcscript}  =>  {latin}
>  {latex/scripttag}  =>  {}
>  {latex/language}  =>  {Latex}
>  {latex/langtag}  =>  {ENG}
>  {latex/bcp47}  =>  {}
>  {latex/hyphennames}  =>  {english}
>  {latex/direction}  =>  {LR}
>  {latex/hyphenmins}  =>  {2,3}
>  {latex/frenchspacing}  =>  {false}
>  {latex/indentfirst}  =>  {false}
>  {latex/fontsetup}  =>  {true}
>  {latex/envname}  =>  {latex}
>  {latex/babelname}  =>  {latex}
>  {latex/localnumeral}  =>  {polyglossia@C@localnumeral}
>  {latex/Localnumeral}  =>  {polyglossia@C@localnumeral}
>  {russian/script}  =>  {Cyrillic}
>  {russian/lcscript}  =>  {cyrillic}
>  {russian/scripttag}  =>  {cyrl}
>  {russian/language}  =>  {Russian}
>  {russian/langtag}  =>  {RUS}
>  {russian/bcp47}  =>  {ru}
>  {russian/hyphennames}  =>  {russian}
>  {russian/direction}  =>  {LR}
>  {russian/hyphenmins}  =>  {2,2}
>  {russian/frenchspacing}  =>  {true}
>  {russian/indentfirst}  =>  {true}
>  {russian/fontsetup}  =>  {true}
>  {russian/envname}  =>  {russian}
>  {russian/babelname}  =>  {russian}
>  {russian/localnumeral}  =>  {russiannumerals}
>  {russian/Localnumeral}  =>  {Russiannumerals}.
Package polyglossia Info: Option: Russian, numerals=arabic.

(/usr/share/texlive/texmf-dist/tex/latex/polyglossia/babelsh.def
File: babelsh.def 2019/09/30 Babel common definitions for shorthands
 Taken verbatim from babel files (2019/09/27 v3.34)
)
Package polyglossia Info: Making " an active character on input line 97.
)
Package polyglossia Info: Default language is russian.

(/usr/share/texlive/texmf-dist/tex/latex/polyglossia/gloss-english.ldf
File: gloss-english.ldf polyglossia: module for english
The property list \polyglossia@langsetup contains the pairs (without outer
braces):
>  {latex/script}  =>  {latin}
>  {latex/lcscript}  =>  {latin}
>  {latex/scripttag}  =>  {}
>  {latex/language}  =>  {Latex}
>  {latex/langtag}  =>  {ENG}
>  {latex/bcp47}  =>  {}
>  {latex/hyphennames}  =>  {english}
>  {latex/direction}  =>  {LR}
>  {latex/hyphenmins}  =>  {2,3}
>  {latex/frenchspacing}  =>  {false}
>  {latex/indentfirst}  =>  {false}
>  {latex/fontsetup}  =>  {true}
>  {latex/envname}  =>  {latex}
>  {latex/babelname}  =>  {latex}
>  {latex/localnumeral}  =>  {polyglossia@C@localnumeral}
>  {latex/Localnumeral}  =>  {polyglossia@C@localnumeral}
>  {russian/script}  =>  {Cyrillic}
>  {russian/lcscript}  =>  {cyrillic}
>  {russian/scripttag}  =>  {cyrl}
>  {russian/language}  =>  {Russian}
>  {russian/langtag}  =>  {RUS}
>  {russian/bcp47}  =>  {ru}
>  {russian/hyphennames}  =>  {russian}
>  {russian/direction}  =>  {LR}
>  {russian/hyphenmins}  =>  {2,2}
>  {russian/frenchspacing}  =>  {true}
>  {russian/indentfirst}  =>  {true}
>  {russian/fontsetup}  =>  {true}
>  {russian/envname}  =>  {russian}
>  {russian/babelname}  =>  {russian}
>  {russian/localnumeral}  =>  {russiannumerals}
>  {russian/Localnumeral}  =>  {Russiannumerals}
>  {english/script}  =>  {latin}
>  {english/lcscript}  =>  {latin}
>  {english/scripttag}  =>  {}
>  {english/language}  =>  {English}
>  {english/langtag}  =>  {ENG}
>  {english/bcp47}  =>  {en-US}
>  {english/hyphennames}  =>  {english,american,usenglish,USenglish}
>  {english/direction}  =>  {LR}
>  {english/hyphenmins}  =>  {2,3}
>  {english/frenchspacing}  =>  {false}
>  {english/indentfirst}  =>  {false}
>  {english/fontsetup}  =>  {true}
>  {english/envname}  =>  {english}
>  {english/babelname}  =>  {english}
>  {english/localnumeral}  =>  {polyglossia@C@localnumeral}
>  {english/Localnumeral}  =>  {polyglossia@C@localnumeral}.
Package polyglossia Info: Option: English, variant=american.
)
(/usr/share/texlive/texmf-dist/tex/latex/xcolor/xcolor.sty
Package: xcolor 2021/10/31 v2.13 LaTeX color extensions (UK)

(/usr/share/texlive/texmf-dist/tex/latex/graphics-cfg/color.cfg
File: color.cfg 2016/01/02 v1.6 sample color configuration
)
Package xcolor Info: Driver file: xetex.def on input line 227.

(/usr/share/texlive/texmf-dist/tex/latex/graphics-def/xetex.def
File: xetex.def 2021/03/18 v5.0k Graphics/color driver for xetex
)
(/usr/share/texlive/texmf-dist/tex/latex/colortbl/colortbl.sty
Package: colortbl 2020/01/04 v1.0e Color table columns (DPC)

(/usr/share/texlive/texmf-dist/tex/latex/tools/array.sty
Package: array 2021/10/04 v2.5f Tabular extension package (FMi)
\col@sep=\dimen151
\ar@mcellbox=\box51
\extrarowheight=\dimen152
\NC@list=\toks20
\extratabsurround=\skip58
\backup@length=\skip59
\ar@cellbox=\box52
)
\everycr=\toks21
\minrowclearance=\skip60
)
\rownum=\count278
Package xcolor Info: Model `cmy' substituted by `cmy0' on input line 1352.
Package xcolor Info: Model `RGB' extended on input line 1368.
Package xcolor Info: Model `HTML' substituted by `rgb' on input line 1370.
Package xcolor Info: Model `Hsb' substituted by `hsb' on input line 1371.
Package xcolor Info: Model `tHsb' substituted by `hsb' on input line 1372.
Package xcolor Info: Model `HSB' substituted by `hsb' on input line 1373.
Package xcolor Info: Model `Gray' substituted by `gray' on input line 1374.
Package xcolor Info: Model `wave' substituted by `hsb' on input line 1375.
)
(/usr/share/texlive/texmf-dist/tex/latex/graphics/graphicx.sty
Package: graphicx 2021/09/16 v1.2d Enhanced LaTeX Graphics (DPC,SPQR)

(/usr/share/texlive/texmf-dist/tex/latex/graphics/graphics.sty
Package: graphics 2021/03/04 v1.4d Standard LaTeX Graphics (DPC,SPQR)

(/usr/share/texlive/texmf-dist/tex/latex/graphics/trig.sty
Package: trig 2021/08/11 v1.11 sin cos tan (DPC)
)
(/usr/share/texlive/texmf-dist/tex/latex/graphics-cfg/graphics.cfg
File: graphics.cfg 2016/06/04 v1.11 sample graphics configuration
)
Package graphics Info: Driver file: xetex.def on input line 107.
)
\Gin@req@height=\dimen153
\Gin@req@width=\dimen154
)
(/usr/share/texlive/texmf-dist/tex/latex/wrapfig2/wrapfig2.sty
Package: wrapfig2 2022-01-26 v.5.0.7 Wrap text around figures, tables, framed t
ext blocks

(/usr/share/texlive/texmf-dist/tex/latex/l3packages/xfp/xfp.sty
Package: xfp 2022-01-12 L3 Floating point unit
)
(/usr/share/texlive/texmf-dist/tex/latex/float/float.sty
Package: float 2001/11/08 v1.3d Float enhancements (AL)
\c@float@type=\count279
\float@exts=\toks22
\float@box=\box53
\@float@everytoks=\toks23
\@floatcapt=\box54
)
(/usr/share/texlive/texmf-dist/tex/latex/curve2e/curve2e.sty
Package: curve2e 2021-01-12 v.2.2.15 Extension package for pict2e

(/usr/share/texlive/texmf-dist/tex/latex/pict2e/pict2e.sty
Package: pict2e 2020/09/30 v0.4b Improved picture commands (HjG,RN,JT)

(/usr/share/texlive/texmf-dist/tex/latex/pict2e/pict2e.cfg
File: pict2e.cfg 2016/02/05 v0.1u pict2e configuration for teTeX/TeXLive
)
Package pict2e Info: Driver file: xetex.def on input line 112.
Package pict2e Info: Driver file for pict2e: p2e-xetex.def on input line 114.

(/usr/share/texlive/texmf-dist/tex/latex/pict2e/p2e-xetex.def
File: p2e-xetex.def 2016/02/05 v0.1u Driver-dependant file (RN,HjG,JT)
)
\pIIe@GRAPH=\toks24
\@arclen=\dimen155
\@arcrad=\dimen156
\pIIe@tempdima=\dimen157
\pIIe@tempdimb=\dimen158
\pIIe@tempdimc=\dimen159
\pIIe@tempdimd=\dimen160
\pIIe@tempdime=\dimen161
\pIIe@tempdimf=\dimen162
)
\@tdA=\dimen163
\@tdB=\dimen164
\@tdC=\dimen165
\@tdD=\dimen166
\@tdE=\dimen167
\@tdF=\dimen168
\defaultlinewidth=\dimen169
\PbDim=\skip61
\MV@C=\count280
)
\@float@every@text=\toks25
\c@text=\count281
\wrapoverhang=\dimen170
\WF@size=\dimen171
\c@WF@wrappedlines=\count282
\WF@box=\box55
\NWF@box=\box56
\WF@everypar=\toks26
\WF@correctlines@switch=\count283
\insertwidth=\dimen172
\WFinsertwidthL=\dimen173
\WFinsertwidthH=\dimen174
)
(/usr/share/texlive/texmf-dist/tex/latex/caption/caption.sty
Package: caption 2020/10/26 v3.5g Customizing captions (AR)

(/usr/share/texlive/texmf-dist/tex/latex/caption/caption3.sty
Package: caption3 2020/10/21 v2.2e caption3 kernel (AR)
\captionmargin=\dimen175
\captionmargin@=\dimen176
\captionwidth=\dimen177
\caption@tempdima=\dimen178
\caption@indent=\dimen179
\caption@parindent=\dimen180
\caption@hangindent=\dimen181
Package caption Info: Standard document class detected.
)
\c@caption@flags=\count284
\c@continuedfloat=\count285
Package caption Info: float package is loaded.
)
(/usr/share/texlive/texmf-dist/tex/latex/caption/subcaption.sty
Package: subcaption 2020/10/07 v1.3j Sub-captions (AR)
\c@subfigure=\count286
\c@subtable=\count287
)
(/usr/share/texlive/texmf-dist/tex/latex/amsmath/amsmath.sty
Package: amsmath 2021/10/15 v2.17l AMS math features
\@mathmargin=\skip62

For additional information on amsmath, use the `?' option.
(/usr/share/texlive/texmf-dist/tex/latex/amsmath/amstext.sty
Package: amstext 2021/08/26 v2.01 AMS text

(/usr/share/texlive/texmf-dist/tex/latex/amsmath/amsgen.sty
File: amsgen.sty 1999/11/30 v2.0 generic functions
\@emptytoks=\toks27
\ex@=\dimen182
)
LaTeX Info: Redefining \text on input line 28.
)
(/usr/share/texlive/texmf-dist/tex/latex/amsmath/amsbsy.sty
Package: amsbsy 1999/11/29 v1.2d Bold Symbols
\pmbraise@=\dimen183
)
(/usr/share/texlive/texmf-dist/tex/latex/amsmath/amsopn.sty
Package: amsopn 2021/08/26 v2.02 operator names
)
\inf@bad=\count288
LaTeX Info: Redefining \frac on input line 234.
\uproot@=\count289
\leftroot@=\count290
LaTeX Info: Redefining \overline on input line 399.
\classnum@=\count291
\DOTSCASE@=\count292
LaTeX Info: Redefining \ldots on input line 496.
LaTeX Info: Redefining \dots on input line 499.
LaTeX Info: Redefining \cdots on input line 620.
\Mathstrutbox@=\box57
\strutbox@=\box58
\big@size=\dimen184
LaTeX Font Info:    Redeclaring font encoding OML on input line 743.
LaTeX Font Info:    Redeclaring font encoding OMS on input line 744.
\macc@depth=\count293
\c@MaxMatrixCols=\count294
\dotsspace@=\muskip16
\c@parentequation=\count295
\dspbrk@lvl=\count296
\tag@help=\toks28
\row@=\count297
\column@=\count298
\maxfields@=\count299
\andhelp@=\toks29
\eqnshift@=\dimen185
\alignsep@=\dimen186
\tagshift@=\dimen187
\tagwidth@=\dimen188
\totwidth@=\dimen189
\lineht@=\dimen190
\@envbody=\toks30
\multlinegap=\skip63
\multlinetaggap=\skip64
\mathdisplay@stack=\toks31
LaTeX Info: Redefining \[ on input line 2938.
LaTeX Info: Redefining \] on input line 2939.
)
(/usr/share/texlive/texmf-dist/tex/latex/amsfonts/amsfonts.sty
Package: amsfonts 2013/01/14 v3.01 Basic AMSFonts support
\symAMSa=\mathgroup4
\symAMSb=\mathgroup5
LaTeX Font Info:    Redeclaring math symbol \hbar on input line 98.
LaTeX Font Info:    Overwriting math alphabet `\mathfrak' in version `bold'
(Font)                  U/euf/m/n --> U/euf/b/n on input line 106.
)
(/usr/share/texlive/texmf-dist/tex/latex/amsfonts/amssymb.sty
Package: amssymb 2013/01/14 v3.01 AMS font symbols
)
(/usr/share/texlive/texmf-dist/tex/latex/amscls/amsthm.sty
Package: amsthm 2020/05/29 v2.20.6
\thm@style=\toks32
\thm@bodyfont=\toks33
\thm@headfont=\toks34
\thm@notefont=\toks35
\thm@headpunct=\toks36
\thm@preskip=\skip65
\thm@postskip=\skip66
\thm@headsep=\skip67
\dth@everypar=\toks37
)
(/usr/share/texlive/texmf-dist/tex/latex/mathtools/mathtools.sty
Package: mathtools 2021/02/02 v1.28 mathematical typesetting tools

(/usr/share/texlive/texmf-dist/tex/latex/tools/calc.sty
Package: calc 2017/05/25 v4.3 Infix arithmetic (KKT,FJ)
\calc@Acount=\count300
\calc@Bcount=\count301
\calc@Adimen=\dimen191
\calc@Bdimen=\dimen192
\calc@Askip=\skip68
\calc@Bskip=\skip69
LaTeX Info: Redefining \setlength on input line 80.
LaTeX Info: Redefining \addtolength on input line 81.
\calc@Ccount=\count302
\calc@Cskip=\skip70
)
(/usr/share/texlive/texmf-dist/tex/latex/mathtools/mhsetup.sty
Package: mhsetup 2021/03/18 v1.4 programming setup (MH)
)
\g_MT_multlinerow_int=\count303
\l_MT_multwidth_dim=\dimen193
\origjot=\skip71
\l_MT_shortvdotswithinadjustabove_dim=\dimen194
\l_MT_shortvdotswithinadjustbelow_dim=\dimen195
\l_MT_above_intertext_sep=\dimen196
\l_MT_below_intertext_sep=\dimen197
\l_MT_above_shortintertext_sep=\dimen198
\l_MT_below_shortintertext_sep=\dimen199
\xmathstrut@box=\box59
\xmathstrut@dim=\dimen256
)
(/usr/share/texlive/texmf-dist/tex/latex/thmtools/thmtools.sty
Package: thmtools 2020/08/01 v0.72
\thmt@toks=\toks38
\c@thmt@dummyctr=\count304

(/usr/share/texlive/texmf-dist/tex/latex/thmtools/thm-patch.sty
Package: thm-patch 2020/08/01 v0.72

(/usr/share/texlive/texmf-dist/tex/latex/thmtools/parseargs.sty
Package: parseargs 2020/08/01 v0.72
\@parsespec=\toks39
))
(/usr/share/texlive/texmf-dist/tex/latex/thmtools/thm-kv.sty
Package: thm-kv 2020/08/01 v0.72
Package thm-kv Info: Theorem names will be uppercased on input line 42.

(/usr/share/texlive/texmf-dist/tex/generic/kvsetkeys/kvsetkeys.sty
Package: kvsetkeys 2019/12/15 v1.18 Key value parser (HO)
)
Package thm-kv Info: kvsetkeys patch (v1.16 or later) on input line 158.
)
(/usr/share/texlive/texmf-dist/tex/latex/thmtools/thm-autoref.sty
Package: thm-autoref 2020/08/01 v0.72

(/usr/share/texlive/texmf-dist/tex/latex/thmtools/aliasctr.sty
Package: aliasctr 2020/08/01 v0.72
))
(/usr/share/texlive/texmf-dist/tex/latex/thmtools/thm-listof.sty
Package: thm-listof 2020/08/01 v0.72
)
(/usr/share/texlive/texmf-dist/tex/latex/thmtools/thm-restate.sty
Package: thm-restate 2020/08/01 v0.72
)
(/usr/share/texlive/texmf-dist/tex/latex/thmtools/thm-amsthm.sty
Package: thm-amsthm 2020/08/01 v0.72
\thmt@style@headstyle=\toks40
))
(/usr/share/texlive/texmf-dist/tex/latex/tools/tabularx.sty
Package: tabularx 2020/01/15 v2.11c `tabularx' package (DPC)
\TX@col@width=\dimen257
\TX@old@table=\dimen258
\TX@old@col=\dimen259
\TX@target=\dimen260
\TX@delta=\dimen261
\TX@cols=\count305
\TX@ftn=\toks41
)
(/usr/share/texlive/texmf-dist/tex/latex/makecell/makecell.sty
Package: makecell 2009/08/03 V0.1e Managing of Tab Column Heads and Cells
\rotheadsize=\dimen262
\c@nlinenum=\count306
\TeXr@lab=\toks42
)
(/usr/share/texlive/texmf-dist/tex/latex/listings/listings.sty
\lst@mode=\count307
\lst@gtempboxa=\box60
\lst@token=\toks43
\lst@length=\count308
\lst@currlwidth=\dimen263
\lst@column=\count309
\lst@pos=\count310
\lst@lostspace=\dimen264
\lst@width=\dimen265
\lst@newlines=\count311
\lst@lineno=\count312
\lst@maxwidth=\dimen266

(/usr/share/texlive/texmf-dist/tex/latex/listings/lstmisc.sty
File: lstmisc.sty 2020/03/24 1.8d (Carsten Heinz)
\c@lstnumber=\count313
\lst@skipnumbers=\count314
\lst@framebox=\box61
)
(/usr/share/texlive/texmf-dist/tex/latex/listings/listings.cfg
File: listings.cfg 2020/03/24 1.8d listings configuration
))
Package: listings 2020/03/24 1.8d (Carsten Heinz)

(/usr/share/texlive/texmf-dist/tex/latex/minted/minted.sty
Package: minted 2021/12/24 v2.6 Yet another Pygments shim for LaTeX

(/usr/share/texlive/texmf-dist/tex/latex/kvoptions/kvoptions.sty
Package: kvoptions 2020-10-07 v3.14 Key value format for package options (HO)

(/usr/share/texlive/texmf-dist/tex/generic/ltxcmds/ltxcmds.sty
Package: ltxcmds 2020-05-10 v1.25 LaTeX kernel commands for general use (HO)
))
(/usr/share/texlive/texmf-dist/tex/latex/fvextra/fvextra.sty
Package: fvextra 2019/02/04 v1.4 fvextra - extensions and patches for fancyvrb

(/usr/share/texlive/texmf-dist/tex/latex/fancyvrb/fancyvrb.sty
Package: fancyvrb 2021/12/21 4.1b verbatim text (tvz,hv)
\FV@CodeLineNo=\count315
\FV@InFile=\read2
\FV@TabBox=\box62
\c@FancyVerbLine=\count316
\FV@StepNumber=\count317
\FV@OutFile=\write3
)
(/usr/share/texlive/texmf-dist/tex/latex/upquote/upquote.sty
Package: upquote 2012/04/19 v1.3 upright-quote and grave-accent glyphs in verba
tim

(/usr/share/texlive/texmf-dist/tex/latex/base/textcomp.sty
Package: textcomp 2020/02/02 v2.0n Standard LaTeX package
))
(/usr/share/texlive/texmf-dist/tex/latex/lineno/lineno.sty
Package: lineno 2005/11/02 line numbers on paragraphs v4.41
Invalid UTF-8 byte or sequence at line 296 replaced by U+FFFD.
\linenopenalty=\count318
\output=\toks44
\linenoprevgraf=\count319
\linenumbersep=\dimen267
\linenumberwidth=\dimen268
\c@linenumber=\count320
\c@pagewiselinenumber=\count321
\c@LN@truepage=\count322
\c@internallinenumber=\count323
\c@internallinenumbers=\count324
\quotelinenumbersep=\dimen269
\bframerule=\dimen270
\bframesep=\dimen271
\bframebox=\box63
LaTeX Info: Redefining \\ on input line 3056.
)
\c@FV@TrueTabGroupLevel=\count325
\c@FV@TrueTabCounter=\count326
\FV@TabBox@Group=\box64
\FV@TmpLength=\skip72
\c@FV@HighlightLinesStart=\count327
\c@FV@HighlightLinesStop=\count328
\FV@LoopCount=\count329
\FV@NCharsBox=\box65
\FV@BreakIndent=\dimen272
\FV@BreakIndentNChars=\count330
\FV@BreakSymbolSepLeft=\dimen273
\FV@BreakSymbolSepLeftNChars=\count331
\FV@BreakSymbolSepRight=\dimen274
\FV@BreakSymbolSepRightNChars=\count332
\FV@BreakSymbolIndentLeft=\dimen275
\FV@BreakSymbolIndentLeftNChars=\count333
\FV@BreakSymbolIndentRight=\dimen276
\FV@BreakSymbolIndentRightNChars=\count334
\c@FancyVerbLineBreakLast=\count335
\FV@LineBox=\box66
\FV@LineIndentBox=\box67
\FV@LineWidth=\dimen277
)
(/usr/share/texlive/texmf-dist/tex/latex/tools/shellesc.sty
Package: shellesc 2019/11/08 v1.0c unified shell escape interface for LaTeX
Package shellesc Info: Unrestricted shell escape enabled on input line 75.
)
(/usr/share/texlive/texmf-dist/tex/latex/ifplatform/ifplatform.sty
Package: ifplatform 2017/10/13 v0.4a Testing for the operating system

(/usr/share/texlive/texmf-dist/tex/generic/pdftexcmds/pdftexcmds.sty
Package: pdftexcmds 2020-06-27 v0.33 Utility functions of pdfTeX for LuaTeX (HO
)

(/usr/share/texlive/texmf-dist/tex/generic/infwarerr/infwarerr.sty
Package: infwarerr 2019/12/03 v1.5 Providing info/warning/error messages (HO)
)
Package pdftexcmds Info: \pdf@primitive is available.
Package pdftexcmds Info: \pdf@ifprimitive is available.
Package pdftexcmds Info: \pdfdraftmode not found.
)
(/usr/share/texlive/texmf-dist/tex/generic/catchfile/catchfile.sty
Package: catchfile 2019/12/09 v1.8 Catch the contents of a file (HO)

(/usr/share/texlive/texmf-dist/tex/generic/etexcmds/etexcmds.sty
Package: etexcmds 2019/12/15 v1.7 Avoid name clashes with e-TeX commands (HO)
))
(/usr/share/texlive/texmf-dist/tex/generic/iftex/ifluatex.sty
Package: ifluatex 2019/10/25 v1.5 ifluatex legacy package. Use iftex instead.
)
runsystem(uname -s > "vkr.w18")...executed.

 (./vkr.w18)
runsystem(rm -- "vkr.w18")...executed.

)
(/usr/share/texlive/texmf-dist/tex/generic/xstring/xstring.sty
(/usr/share/texlive/texmf-dist/tex/generic/xstring/xstring.tex
\integerpart=\count336
\decimalpart=\count337
)
Package: xstring 2021/07/21 v1.84 String manipulations (CT)
)
(/usr/share/texlive/texmf-dist/tex/latex/framed/framed.sty
Package: framed 2011/10/22 v 0.96: framed or shaded text with page breaks
\OuterFrameSep=\skip73
\fb@frw=\dimen278
\fb@frh=\dimen279
\FrameRule=\dimen280
\FrameSep=\dimen281
)
(/usr/share/texlive/texmf-dist/tex/latex/newfloat/newfloat.sty
Package: newfloat 2019/09/02 v1.1l Defining new floating environments (AR)
)
\minted@appexistsfile=\read3
\minted@bgbox=\box68
\minted@code=\write4
\c@minted@FancyVerbLineTemp=\count338
\c@minted@pygmentizecounter=\count339
Package newfloat Info: New float `listing' with options `fileext=lol,placement=
tbp' on input line 1190.
\c@listing=\count340
Package newfloat Info: float type `listing'=8 on input line 1190.
\c@sublisting=\count341
)
runsystem(mkdir -p _minted-vkr)...executed.


(/usr/share/texlive/texmf-dist/tex/latex/enumitem/enumitem.sty
Package: enumitem 2019/06/20 v3.9 Customized lists
\labelindent=\skip74
\enit@outerparindent=\dimen282
\enit@toks=\toks45
\enit@inbox=\box69
\enit@count@id=\count342
\enitdp@description=\count343
)
(/usr/share/texlive/texmf-dist/tex/latex/datetime2/datetime2.sty
Package: datetime2 2021/03/21 v1.5.7 (NLCT) date and time formats

(/usr/share/texlive/texmf-dist/tex/latex/tracklang/tracklang.sty
Package: tracklang 2020/06/30 v1.5 (NLCT) Track Languages

(/usr/share/texlive/texmf-dist/tex/generic/tracklang/tracklang.tex))
(/usr/share/texlive/texmf-dist/tex/latex/datetime2-russian/datetime2-russian.ld
f
File: datetime2-russian.ldf 2018/12/07 v1.1
 (/usr/share/texlive/texmf-dist/tex/generic/iftex/ifxetex.sty
Package: ifxetex 2019/10/25 v0.7 ifxetex legacy package. Use iftex instead.
)
(/usr/share/texlive/texmf-dist/tex/latex/datetime2-russian/datetime2-russian-ut
f8.ldf
File: datetime2-russian-utf8.ldf 2018/12/07 v1.1
))) (/usr/share/texlive/texmf-dist/tex/generic/ulem/ulem.sty
\UL@box=\box70
\UL@hyphenbox=\box71
\UL@skip=\skip75
\UL@hook=\toks46
\UL@height=\dimen283
\UL@pe=\count344
\UL@pixel=\dimen284
\ULC@box=\box72
Package: ulem 2019/11/18
\ULdepth=\dimen285
)
(/usr/share/texlive/texmf-dist/tex/latex/microtype/microtype.sty
Package: microtype 2021/12/10 v3.0b Micro-typographical refinements (RS)
\MT@toks=\toks47
\MT@count=\count345
\MT@tempbox=\box73
LaTeX Info: Redefining \leftprotrusion on input line 1010.
LaTeX Info: Redefining \rightprotrusion on input line 1018.
LaTeX Info: Redefining \textls on input line 1173.
\MT@outer@kern=\dimen286
LaTeX Info: Redefining \textmicrotypecontext on input line 1759.
\MT@listname@count=\count346

(/usr/share/texlive/texmf-dist/tex/latex/microtype/microtype-xetex.def
File: microtype-xetex.def 2021/12/10 v3.0b Definitions specific to xetex (RS)
LaTeX Info: Redefining \lsstyle on input line 234.
)
Package microtype Info: Loading configuration file microtype.cfg.

(/usr/share/texlive/texmf-dist/tex/latex/microtype/microtype.cfg
File: microtype.cfg 2021/12/10 v3.0b microtype main configuration file (RS)
))
(/usr/share/texlive/texmf-dist/tex/latex/csquotes/csquotes.sty
Package: csquotes 2021-02-22 v5.2l context-sensitive quotations (JAW)
\csq@reset=\count347
\csq@gtype=\count348
\csq@glevel=\count349
\csq@qlevel=\count350
\csq@maxlvl=\count351
\csq@tshold=\count352
\csq@ltx@everypar=\toks48

(/usr/share/texlive/texmf-dist/tex/latex/csquotes/csquotes.def
File: csquotes.def 2021-02-22 v5.2l csquotes generic definitions (JAW)
)
Package csquotes Info: Trying to load configuration file 'csquotes.cfg'...
Package csquotes Info: ... configuration file loaded successfully.

(/usr/share/texlive/texmf-dist/tex/latex/csquotes/csquotes.cfg
File: csquotes.cfg 
)
Package csquotes Info: Enabling multilingual quotes.
)
(/usr/share/texlive/texmf-dist/tex/latex/tools/afterpage.sty
Package: afterpage 2014/10/28 v1.08 After-Page Package (DPC)
\AP@output=\toks49
\AP@partial=\box74
\AP@footins=\box75
)
(/usr/share/texlive/texmf-dist/tex/latex/pdflscape/pdflscape.sty
Package: pdflscape 2019/12/05 v0.12 Display of landscape pages in PDF (HO)

(/usr/share/texlive/texmf-dist/tex/latex/graphics/lscape.sty
Package: lscape 2020/05/28 v3.02 Landscape Pages (DPC)
)
Package pdflscape Info: Auto-detected driver: dvipdfm (xetex) on input line 98.


(/usr/share/texlive/texmf-dist/tex/latex/base/atbegshi-ltx.sty
Package: atbegshi-ltx 2021/01/10 v1.0c Emulation of the original atbegshi
package with kernel methods
))
(/usr/share/texlive/texmf-dist/tex/latex/hyperref/hyperref.sty
Package: hyperref 2021-06-07 v7.00m Hypertext links for LaTeX

(/usr/share/texlive/texmf-dist/tex/generic/kvdefinekeys/kvdefinekeys.sty
Package: kvdefinekeys 2019-12-19 v1.6 Define keys (HO)
)
(/usr/share/texlive/texmf-dist/tex/generic/pdfescape/pdfescape.sty
Package: pdfescape 2019/12/09 v1.15 Implements pdfTeX's escape features (HO)
)
(/usr/share/texlive/texmf-dist/tex/latex/hycolor/hycolor.sty
Package: hycolor 2020-01-27 v1.10 Color options for hyperref/bookmark (HO)
)
(/usr/share/texlive/texmf-dist/tex/latex/letltxmacro/letltxmacro.sty
Package: letltxmacro 2019/12/03 v1.6 Let assignment for LaTeX macros (HO)
)
(/usr/share/texlive/texmf-dist/tex/latex/auxhook/auxhook.sty
Package: auxhook 2019-12-17 v1.6 Hooks for auxiliary files (HO)
)
\@linkdim=\dimen287
\Hy@linkcounter=\count353
\Hy@pagecounter=\count354

(/usr/share/texlive/texmf-dist/tex/latex/hyperref/pd1enc.def
File: pd1enc.def 2021-06-07 v7.00m Hyperref: PDFDocEncoding definition (HO)
)
(/usr/share/texlive/texmf-dist/tex/latex/hyperref/hyperref-langpatches.def
File: hyperref-langpatches.def 2021-06-07 v7.00m Hyperref: patches for babel la
nguages
)
(/usr/share/texlive/texmf-dist/tex/generic/intcalc/intcalc.sty
Package: intcalc 2019/12/15 v1.3 Expandable calculations with integers (HO)
)
\Hy@SavedSpaceFactor=\count355

(/usr/share/texlive/texmf-dist/tex/latex/hyperref/puenc.def
File: puenc.def 2021-06-07 v7.00m Hyperref: PDF Unicode definition (HO)
)
Package hyperref Info: Option `unicode' set `true' on input line 4073.
Package hyperref Info: Option `colorlinks' set `true' on input line 4073.
Package hyperref Info: Hyper figures OFF on input line 4192.
Package hyperref Info: Link nesting OFF on input line 4197.
Package hyperref Info: Hyper index ON on input line 4200.
Package hyperref Info: Plain pages OFF on input line 4207.
Package hyperref Info: Backreferencing OFF on input line 4212.
Package hyperref Info: Implicit mode ON; LaTeX internals redefined.
Package hyperref Info: Bookmarks ON on input line 4445.
\c@Hy@tempcnt=\count356

(/usr/share/texlive/texmf-dist/tex/latex/url/url.sty
\Urlmuskip=\muskip17
Package: url 2013/09/16  ver 3.4  Verb mode for urls, etc.
)
LaTeX Info: Redefining \url on input line 4804.
\XeTeXLinkMargin=\dimen288

(/usr/share/texlive/texmf-dist/tex/generic/bitset/bitset.sty
Package: bitset 2019/12/09 v1.3 Handle bit-vector datatype (HO)

(/usr/share/texlive/texmf-dist/tex/generic/bigintcalc/bigintcalc.sty
Package: bigintcalc 2019/12/15 v1.5 Expandable calculations on big integers (HO
)
))
\Fld@menulength=\count357
\Field@Width=\dimen289
\Fld@charsize=\dimen290
Package hyperref Info: Hyper figures OFF on input line 6076.
Package hyperref Info: Link nesting OFF on input line 6081.
Package hyperref Info: Hyper index ON on input line 6084.
Package hyperref Info: backreferencing OFF on input line 6091.
Package hyperref Info: Link coloring ON on input line 6094.
Package hyperref Info: Link coloring with OCG OFF on input line 6101.
Package hyperref Info: PDF/A mode OFF on input line 6106.
LaTeX Info: Redefining \ref on input line 6146.
LaTeX Info: Redefining \pageref on input line 6150.
\Hy@abspage=\count358
\c@Item=\count359
\c@Hfootnote=\count360
)
Package hyperref Info: Driver (autodetected): hxetex.

(/usr/share/texlive/texmf-dist/tex/latex/hyperref/hxetex.def
File: hxetex.def 2021-06-07 v7.00m Hyperref driver for XeTeX

(/usr/share/texlive/texmf-dist/tex/generic/stringenc/stringenc.sty
Package: stringenc 2019/11/29 v1.12 Convert strings between diff. encodings (HO
)
)
\pdfm@box=\box76
\c@Hy@AnnotLevel=\count361
\HyField@AnnotCount=\count362
\Fld@listcount=\count363
\c@bookmark@seq@number=\count364

(/usr/share/texlive/texmf-dist/tex/latex/rerunfilecheck/rerunfilecheck.sty
Package: rerunfilecheck 2019/12/05 v1.9 Rerun checks for auxiliary files (HO)

(/usr/share/texlive/texmf-dist/tex/latex/base/atveryend-ltx.sty
Package: atveryend-ltx 2020/08/19 v1.0a Emulation of the original atveryend pac
kage
with kernel methods
)
(/usr/share/texlive/texmf-dist/tex/generic/uniquecounter/uniquecounter.sty
Package: uniquecounter 2019/12/15 v1.4 Provide unlimited unique counter (HO)
)
Package uniquecounter Info: New unique counter `rerunfilecheck' on input line 2
86.
)
\Hy@SectionHShift=\skip76
)
(/usr/share/texlive/texmf-dist/tex/latex/appendix/appendix.sty
Package: appendix 2020/02/08 v1.2c extra appendix facilities
\c@@pps=\count365
\c@@ppsavesec=\count366
\c@@ppsaveapp=\count367
) (./pretitle.tex) (/usr/share/texlive/texmf-dist/tex/latex/setspace/setspace.s
ty
Package: setspace 2011/12/19 v6.7a set line spacing
))
(./preamble.tex
(/usr/share/texlive/texmf-dist/tex/latex/pgf/frontendlayer/tikz.sty
(/usr/share/texlive/texmf-dist/tex/latex/pgf/basiclayer/pgf.sty
(/usr/share/texlive/texmf-dist/tex/latex/pgf/utilities/pgfrcs.sty
(/usr/share/texlive/texmf-dist/tex/generic/pgf/utilities/pgfutil-common.tex
\pgfutil@everybye=\toks50
\pgfutil@tempdima=\dimen291
\pgfutil@tempdimb=\dimen292

(/usr/share/texlive/texmf-dist/tex/generic/pgf/utilities/pgfutil-common-lists.t
ex)) (/usr/share/texlive/texmf-dist/tex/generic/pgf/utilities/pgfutil-latex.def
\pgfutil@abb=\box77
) (/usr/share/texlive/texmf-dist/tex/generic/pgf/utilities/pgfrcs.code.tex
(/usr/share/texlive/texmf-dist/tex/generic/pgf/pgf.revision.tex)
Package: pgfrcs 2021/05/15 v3.1.9a (3.1.9a)
))
Package: pgf 2021/05/15 v3.1.9a (3.1.9a)

(/usr/share/texlive/texmf-dist/tex/latex/pgf/basiclayer/pgfcore.sty
(/usr/share/texlive/texmf-dist/tex/latex/pgf/systemlayer/pgfsys.sty
(/usr/share/texlive/texmf-dist/tex/generic/pgf/systemlayer/pgfsys.code.tex
Package: pgfsys 2021/05/15 v3.1.9a (3.1.9a)

(/usr/share/texlive/texmf-dist/tex/generic/pgf/utilities/pgfkeys.code.tex
\pgfkeys@pathtoks=\toks51
\pgfkeys@temptoks=\toks52

(/usr/share/texlive/texmf-dist/tex/generic/pgf/utilities/pgfkeysfiltered.code.t
ex
\pgfkeys@tmptoks=\toks53
))
\pgf@x=\dimen293
\pgf@y=\dimen294
\pgf@xa=\dimen295
\pgf@ya=\dimen296
\pgf@xb=\dimen297
\pgf@yb=\dimen298
\pgf@xc=\dimen299
\pgf@yc=\dimen300
\pgf@xd=\dimen301
\pgf@yd=\dimen302
\w@pgf@writea=\write5
\r@pgf@reada=\read4
\c@pgf@counta=\count368
\c@pgf@countb=\count369
\c@pgf@countc=\count370
\c@pgf@countd=\count371
\t@pgf@toka=\toks54
\t@pgf@tokb=\toks55
\t@pgf@tokc=\toks56
\pgf@sys@id@count=\count372
 (/usr/share/texlive/texmf-dist/tex/generic/pgf/systemlayer/pgf.cfg
File: pgf.cfg 2021/05/15 v3.1.9a (3.1.9a)
)
Driver file for pgf: pgfsys-xetex.def

(/usr/share/texlive/texmf-dist/tex/generic/pgf/systemlayer/pgfsys-xetex.def
File: pgfsys-xetex.def 2021/05/15 v3.1.9a (3.1.9a)

(/usr/share/texlive/texmf-dist/tex/generic/pgf/systemlayer/pgfsys-dvipdfmx.def
File: pgfsys-dvipdfmx.def 2021/05/15 v3.1.9a (3.1.9a)

(/usr/share/texlive/texmf-dist/tex/generic/pgf/systemlayer/pgfsys-common-pdf.de
f
File: pgfsys-common-pdf.def 2021/05/15 v3.1.9a (3.1.9a)
)
\pgfsys@objnum=\count373
)))
(/usr/share/texlive/texmf-dist/tex/generic/pgf/systemlayer/pgfsyssoftpath.code.
tex
File: pgfsyssoftpath.code.tex 2021/05/15 v3.1.9a (3.1.9a)
\pgfsyssoftpath@smallbuffer@items=\count374
\pgfsyssoftpath@bigbuffer@items=\count375
)
(/usr/share/texlive/texmf-dist/tex/generic/pgf/systemlayer/pgfsysprotocol.code.
tex
File: pgfsysprotocol.code.tex 2021/05/15 v3.1.9a (3.1.9a)
))
(/usr/share/texlive/texmf-dist/tex/generic/pgf/basiclayer/pgfcore.code.tex
Package: pgfcore 2021/05/15 v3.1.9a (3.1.9a)

(/usr/share/texlive/texmf-dist/tex/generic/pgf/math/pgfmath.code.tex
(/usr/share/texlive/texmf-dist/tex/generic/pgf/math/pgfmathcalc.code.tex
(/usr/share/texlive/texmf-dist/tex/generic/pgf/math/pgfmathutil.code.tex)
(/usr/share/texlive/texmf-dist/tex/generic/pgf/math/pgfmathparser.code.tex
\pgfmath@dimen=\dimen303
\pgfmath@count=\count376
\pgfmath@box=\box78
\pgfmath@toks=\toks57
\pgfmath@stack@operand=\toks58
\pgfmath@stack@operation=\toks59
)
(/usr/share/texlive/texmf-dist/tex/generic/pgf/math/pgfmathfunctions.code.tex
(/usr/share/texlive/texmf-dist/tex/generic/pgf/math/pgfmathfunctions.basic.code
.tex)
(/usr/share/texlive/texmf-dist/tex/generic/pgf/math/pgfmathfunctions.trigonomet
ric.code.tex)
(/usr/share/texlive/texmf-dist/tex/generic/pgf/math/pgfmathfunctions.random.cod
e.tex)
(/usr/share/texlive/texmf-dist/tex/generic/pgf/math/pgfmathfunctions.comparison
.code.tex)
(/usr/share/texlive/texmf-dist/tex/generic/pgf/math/pgfmathfunctions.base.code.
tex)
(/usr/share/texlive/texmf-dist/tex/generic/pgf/math/pgfmathfunctions.round.code
.tex)
(/usr/share/texlive/texmf-dist/tex/generic/pgf/math/pgfmathfunctions.misc.code.
tex)
(/usr/share/texlive/texmf-dist/tex/generic/pgf/math/pgfmathfunctions.integerari
thmetics.code.tex)))
(/usr/share/texlive/texmf-dist/tex/generic/pgf/math/pgfmathfloat.code.tex
\c@pgfmathroundto@lastzeros=\count377
))
(/usr/share/texlive/texmf-dist/tex/generic/pgf/math/pgfint.code.tex)
(/usr/share/texlive/texmf-dist/tex/generic/pgf/basiclayer/pgfcorepoints.code.te
x
File: pgfcorepoints.code.tex 2021/05/15 v3.1.9a (3.1.9a)
\pgf@picminx=\dimen304
\pgf@picmaxx=\dimen305
\pgf@picminy=\dimen306
\pgf@picmaxy=\dimen307
\pgf@pathminx=\dimen308
\pgf@pathmaxx=\dimen309
\pgf@pathminy=\dimen310
\pgf@pathmaxy=\dimen311
\pgf@xx=\dimen312
\pgf@xy=\dimen313
\pgf@yx=\dimen314
\pgf@yy=\dimen315
\pgf@zx=\dimen316
\pgf@zy=\dimen317
)
(/usr/share/texlive/texmf-dist/tex/generic/pgf/basiclayer/pgfcorepathconstruct.
code.tex
File: pgfcorepathconstruct.code.tex 2021/05/15 v3.1.9a (3.1.9a)
\pgf@path@lastx=\dimen318
\pgf@path@lasty=\dimen319
)
(/usr/share/texlive/texmf-dist/tex/generic/pgf/basiclayer/pgfcorepathusage.code
.tex
File: pgfcorepathusage.code.tex 2021/05/15 v3.1.9a (3.1.9a)
\pgf@shorten@end@additional=\dimen320
\pgf@shorten@start@additional=\dimen321
)
(/usr/share/texlive/texmf-dist/tex/generic/pgf/basiclayer/pgfcorescopes.code.te
x
File: pgfcorescopes.code.tex 2021/05/15 v3.1.9a (3.1.9a)
\pgfpic=\box79
\pgf@hbox=\box80
\pgf@layerbox@main=\box81
\pgf@picture@serial@count=\count378
)
(/usr/share/texlive/texmf-dist/tex/generic/pgf/basiclayer/pgfcoregraphicstate.c
ode.tex
File: pgfcoregraphicstate.code.tex 2021/05/15 v3.1.9a (3.1.9a)
\pgflinewidth=\dimen322
)
(/usr/share/texlive/texmf-dist/tex/generic/pgf/basiclayer/pgfcoretransformation
s.code.tex
File: pgfcoretransformations.code.tex 2021/05/15 v3.1.9a (3.1.9a)
\pgf@pt@x=\dimen323
\pgf@pt@y=\dimen324
\pgf@pt@temp=\dimen325
)
(/usr/share/texlive/texmf-dist/tex/generic/pgf/basiclayer/pgfcorequick.code.tex
File: pgfcorequick.code.tex 2021/05/15 v3.1.9a (3.1.9a)
)
(/usr/share/texlive/texmf-dist/tex/generic/pgf/basiclayer/pgfcoreobjects.code.t
ex
File: pgfcoreobjects.code.tex 2021/05/15 v3.1.9a (3.1.9a)
)
(/usr/share/texlive/texmf-dist/tex/generic/pgf/basiclayer/pgfcorepathprocessing
.code.tex
File: pgfcorepathprocessing.code.tex 2021/05/15 v3.1.9a (3.1.9a)
)
(/usr/share/texlive/texmf-dist/tex/generic/pgf/basiclayer/pgfcorearrows.code.te
x
File: pgfcorearrows.code.tex 2021/05/15 v3.1.9a (3.1.9a)
\pgfarrowsep=\dimen326
)
(/usr/share/texlive/texmf-dist/tex/generic/pgf/basiclayer/pgfcoreshade.code.tex
File: pgfcoreshade.code.tex 2021/05/15 v3.1.9a (3.1.9a)
\pgf@max=\dimen327
\pgf@sys@shading@range@num=\count379
\pgf@shadingcount=\count380
)
(/usr/share/texlive/texmf-dist/tex/generic/pgf/basiclayer/pgfcoreimage.code.tex
File: pgfcoreimage.code.tex 2021/05/15 v3.1.9a (3.1.9a)

(/usr/share/texlive/texmf-dist/tex/generic/pgf/basiclayer/pgfcoreexternal.code.
tex
File: pgfcoreexternal.code.tex 2021/05/15 v3.1.9a (3.1.9a)
\pgfexternal@startupbox=\box82
))
(/usr/share/texlive/texmf-dist/tex/generic/pgf/basiclayer/pgfcorelayers.code.te
x
File: pgfcorelayers.code.tex 2021/05/15 v3.1.9a (3.1.9a)
)
(/usr/share/texlive/texmf-dist/tex/generic/pgf/basiclayer/pgfcoretransparency.c
ode.tex
File: pgfcoretransparency.code.tex 2021/05/15 v3.1.9a (3.1.9a)
)
(/usr/share/texlive/texmf-dist/tex/generic/pgf/basiclayer/pgfcorepatterns.code.
tex
File: pgfcorepatterns.code.tex 2021/05/15 v3.1.9a (3.1.9a)
)
(/usr/share/texlive/texmf-dist/tex/generic/pgf/basiclayer/pgfcorerdf.code.tex
File: pgfcorerdf.code.tex 2021/05/15 v3.1.9a (3.1.9a)
)))
(/usr/share/texlive/texmf-dist/tex/generic/pgf/modules/pgfmoduleshapes.code.tex
File: pgfmoduleshapes.code.tex 2021/05/15 v3.1.9a (3.1.9a)
\pgfnodeparttextbox=\box83
) (/usr/share/texlive/texmf-dist/tex/generic/pgf/modules/pgfmoduleplot.code.tex
File: pgfmoduleplot.code.tex 2021/05/15 v3.1.9a (3.1.9a)
)
(/usr/share/texlive/texmf-dist/tex/latex/pgf/compatibility/pgfcomp-version-0-65
.sty
Package: pgfcomp-version-0-65 2021/05/15 v3.1.9a (3.1.9a)
\pgf@nodesepstart=\dimen328
\pgf@nodesepend=\dimen329
)
(/usr/share/texlive/texmf-dist/tex/latex/pgf/compatibility/pgfcomp-version-1-18
.sty
Package: pgfcomp-version-1-18 2021/05/15 v3.1.9a (3.1.9a)
)) (/usr/share/texlive/texmf-dist/tex/latex/pgf/utilities/pgffor.sty
(/usr/share/texlive/texmf-dist/tex/latex/pgf/utilities/pgfkeys.sty
(/usr/share/texlive/texmf-dist/tex/generic/pgf/utilities/pgfkeys.code.tex))
(/usr/share/texlive/texmf-dist/tex/latex/pgf/math/pgfmath.sty
(/usr/share/texlive/texmf-dist/tex/generic/pgf/math/pgfmath.code.tex))
(/usr/share/texlive/texmf-dist/tex/generic/pgf/utilities/pgffor.code.tex
Package: pgffor 2021/05/15 v3.1.9a (3.1.9a)

(/usr/share/texlive/texmf-dist/tex/generic/pgf/math/pgfmath.code.tex)
\pgffor@iter=\dimen330
\pgffor@skip=\dimen331
\pgffor@stack=\toks60
\pgffor@toks=\toks61
))
(/usr/share/texlive/texmf-dist/tex/generic/pgf/frontendlayer/tikz/tikz.code.tex
Package: tikz 2021/05/15 v3.1.9a (3.1.9a)

(/usr/share/texlive/texmf-dist/tex/generic/pgf/libraries/pgflibraryplothandlers
.code.tex
File: pgflibraryplothandlers.code.tex 2021/05/15 v3.1.9a (3.1.9a)
\pgf@plot@mark@count=\count381
\pgfplotmarksize=\dimen332
)
\tikz@lastx=\dimen333
\tikz@lasty=\dimen334
\tikz@lastxsaved=\dimen335
\tikz@lastysaved=\dimen336
\tikz@lastmovetox=\dimen337
\tikz@lastmovetoy=\dimen338
\tikzleveldistance=\dimen339
\tikzsiblingdistance=\dimen340
\tikz@figbox=\box84
\tikz@figbox@bg=\box85
\tikz@tempbox=\box86
\tikz@tempbox@bg=\box87
\tikztreelevel=\count382
\tikznumberofchildren=\count383
\tikznumberofcurrentchild=\count384
\tikz@fig@count=\count385

(/usr/share/texlive/texmf-dist/tex/generic/pgf/modules/pgfmodulematrix.code.tex
File: pgfmodulematrix.code.tex 2021/05/15 v3.1.9a (3.1.9a)
\pgfmatrixcurrentrow=\count386
\pgfmatrixcurrentcolumn=\count387
\pgf@matrix@numberofcolumns=\count388
)
\tikz@expandcount=\count389

(/usr/share/texlive/texmf-dist/tex/generic/pgf/frontendlayer/tikz/libraries/tik
zlibrarytopaths.code.tex
File: tikzlibrarytopaths.code.tex 2021/05/15 v3.1.9a (3.1.9a)
)))
(/usr/share/texlive/texmf-dist/tex/generic/pgf/frontendlayer/tikz/libraries/tik
zlibrarydecorations.pathreplacing.code.tex
(/usr/share/texlive/texmf-dist/tex/generic/pgf/frontendlayer/tikz/libraries/tik
zlibrarydecorations.code.tex
(/usr/share/texlive/texmf-dist/tex/generic/pgf/modules/pgfmoduledecorations.cod
e.tex
\pgfdecoratedcompleteddistance=\dimen341
\pgfdecoratedremainingdistance=\dimen342
\pgfdecoratedinputsegmentcompleteddistance=\dimen343
\pgfdecoratedinputsegmentremainingdistance=\dimen344
\pgf@decorate@distancetomove=\dimen345
\pgf@decorate@repeatstate=\count390
\pgfdecorationsegmentamplitude=\dimen346
\pgfdecorationsegmentlength=\dimen347
)
\tikz@lib@dec@box=\box88
)
(/usr/share/texlive/texmf-dist/tex/generic/pgf/libraries/decorations/pgflibrary
decorations.pathreplacing.code.tex))
(/usr/share/texlive/texmf-dist/tex/generic/pgf/frontendlayer/tikz/libraries/tik
zlibrarycalc.code.tex
File: tikzlibrarycalc.code.tex 2021/05/15 v3.1.9a (3.1.9a)
)
(/usr/share/texlive/texmf-dist/tex/generic/pgf/frontendlayer/tikz/libraries/tik
zlibraryshapes.code.tex
File: tikzlibraryshapes.code.tex 2021/05/15 v3.1.9a (3.1.9a)

(/usr/share/texlive/texmf-dist/tex/generic/pgf/frontendlayer/tikz/libraries/tik
zlibraryshapes.geometric.code.tex
File: tikzlibraryshapes.geometric.code.tex 2021/05/15 v3.1.9a (3.1.9a)

(/usr/share/texlive/texmf-dist/tex/generic/pgf/libraries/shapes/pgflibraryshape
s.geometric.code.tex
File: pgflibraryshapes.geometric.code.tex 2021/05/15 v3.1.9a (3.1.9a)
))
(/usr/share/texlive/texmf-dist/tex/generic/pgf/frontendlayer/tikz/libraries/tik
zlibraryshapes.misc.code.tex
File: tikzlibraryshapes.misc.code.tex 2021/05/15 v3.1.9a (3.1.9a)

(/usr/share/texlive/texmf-dist/tex/generic/pgf/libraries/shapes/pgflibraryshape
s.misc.code.tex
File: pgflibraryshapes.misc.code.tex 2021/05/15 v3.1.9a (3.1.9a)
))
(/usr/share/texlive/texmf-dist/tex/generic/pgf/frontendlayer/tikz/libraries/tik
zlibraryshapes.symbols.code.tex
File: tikzlibraryshapes.symbols.code.tex 2021/05/15 v3.1.9a (3.1.9a)

(/usr/share/texlive/texmf-dist/tex/generic/pgf/libraries/shapes/pgflibraryshape
s.symbols.code.tex
File: pgflibraryshapes.symbols.code.tex 2021/05/15 v3.1.9a (3.1.9a)
))
(/usr/share/texlive/texmf-dist/tex/generic/pgf/frontendlayer/tikz/libraries/tik
zlibraryshapes.arrows.code.tex
File: tikzlibraryshapes.arrows.code.tex 2021/05/15 v3.1.9a (3.1.9a)

(/usr/share/texlive/texmf-dist/tex/generic/pgf/libraries/shapes/pgflibraryshape
s.arrows.code.tex
File: pgflibraryshapes.arrows.code.tex 2021/05/15 v3.1.9a (3.1.9a)
))
(/usr/share/texlive/texmf-dist/tex/generic/pgf/frontendlayer/tikz/libraries/tik
zlibraryshapes.callouts.code.tex
(/usr/share/texlive/texmf-dist/tex/generic/pgf/libraries/shapes/pgflibraryshape
s.callouts.code.tex))
(/usr/share/texlive/texmf-dist/tex/generic/pgf/frontendlayer/tikz/libraries/tik
zlibraryshapes.multipart.code.tex
File: tikzlibraryshapes.multipart.code.tex 2021/05/15 v3.1.9a (3.1.9a)

(/usr/share/texlive/texmf-dist/tex/generic/pgf/libraries/shapes/pgflibraryshape
s.multipart.code.tex
File: pgflibraryshapes.multipart.code.tex 2021/05/15 v3.1.9a (3.1.9a)
\pgfnodepartlowerbox=\box89
\pgfnodeparttwobox=\box90
\pgfnodepartthreebox=\box91
\pgfnodepartfourbox=\box92
\pgfnodeparttwentybox=\box93
\pgfnodepartnineteenbox=\box94
\pgfnodeparteighteenbox=\box95
\pgfnodepartseventeenbox=\box96
\pgfnodepartsixteenbox=\box97
\pgfnodepartfifteenbox=\box98
\pgfnodepartfourteenbox=\box99
\pgfnodepartthirteenbox=\box100
\pgfnodeparttwelvebox=\box101
\pgfnodepartelevenbox=\box102
\pgfnodeparttenbox=\box103
\pgfnodepartninebox=\box104
\pgfnodeparteightbox=\box105
\pgfnodepartsevenbox=\box106
\pgfnodepartsixbox=\box107
\pgfnodepartfivebox=\box108
)))
(/usr/share/texlive/texmf-dist/tex/generic/pgf/frontendlayer/tikz/libraries/tik
zlibrarypositioning.code.tex
File: tikzlibrarypositioning.code.tex 2021/05/15 v3.1.9a (3.1.9a)
)
(/usr/share/texlive/texmf-dist/tex/latex/tikzmark/tikzlibrarytikzmark.code.tex
File: tikzlibrarytikzmark.code.tex 2021/02/16 v1.10 TikZ library for marking po
sitions in a document
\l__sn_x_dim=\dimen348
\l__sn_y_dim=\dimen349
\l__sn_xa_dim=\dimen350
\l__sn_ya_dim=\dimen351
)
\c@tmkcount=\count391
(/usr/share/texlive/texmf-dist/tex/latex/booktabs/booktabs.sty
Package: booktabs 2020/01/12 v1.61803398 Publication quality tables
\heavyrulewidth=\dimen352
\lightrulewidth=\dimen353
\cmidrulewidth=\dimen354
\belowrulesep=\dimen355
\belowbottomsep=\dimen356
\aboverulesep=\dimen357
\abovetopsep=\dimen358
\cmidrulesep=\dimen359
\cmidrulekern=\dimen360
\defaultaddspace=\dimen361
\@cmidla=\count392
\@cmidlb=\count393
\@aboverulesep=\dimen362
\@belowrulesep=\dimen363
\@thisruleclass=\count394
\@lastruleclass=\count395
\@thisrulewidth=\dimen364
)
(/usr/share/texlive/texmf-dist/tex/latex/multirow/multirow.sty
Package: multirow 2021/03/15 v2.8 Span multiple rows of a table
\multirow@colwidth=\skip77
\multirow@cntb=\count396
\multirow@dima=\skip78
\bigstrutjot=\dimen365
)
(/usr/share/texlive/texmf-dist/tex/latex/siunitx/siunitx.sty
Package: siunitx 2022-02-02 v3.0.46 A comprehensive (SI) units package
\l__siunitx_angle_tmp_dim=\dimen366
\l__siunitx_angle_marker_box=\box109
\l__siunitx_angle_unit_box=\box110
\l__siunitx_compound_count_int=\count397

(/usr/share/texlive/texmf-dist/tex/latex/translations/translations.sty
Package: translations 2022/01/04 v1.11 internationalization of LaTeX2e packages
 (CN)
)
\l__siunitx_number_exponent_fixed_int=\count398
\l__siunitx_number_min_decimal_int=\count399
\l__siunitx_number_min_integer_int=\count400
\l__siunitx_number_round_precision_int=\count401
\l__siunitx_number_group_minimum_int=\count402
\l__siunitx_table_tmp_box=\box111
\l__siunitx_table_tmp_dim=\dimen367
\l__siunitx_table_column_width_dim=\dimen368
\l__siunitx_table_integer_box=\box112
\l__siunitx_table_decimal_box=\box113
\l__siunitx_table_before_box=\box114
\l__siunitx_table_after_box=\box115
\l__siunitx_table_before_dim=\dimen369
\l__siunitx_table_carry_dim=\dimen370
\l__siunitx_unit_tmp_int=\count403
\l__siunitx_unit_position_int=\count404
\l__siunitx_unit_total_int=\count405
)
(/usr/share/texlive/texmf-dist/tex/latex/totcount/totcount.sty
Package: totcount 2011/01/25 v1.2 package for gettingthe total value of LaTeX c
ounters
))
runsystem(which pygmentize && touch vkr.aex)...executed.

runsystem(rm vkr.aex)...executed.

Package csquotes Info: Checking for multilingual support...
Package csquotes Info: ... found 'polyglossia' package.
 (./vkr.aux
LaTeX Info: Redefining \rmfamily on input line 20.
LaTeX Info: Redefining \sffamily on input line 20.
LaTeX Info: Redefining \ttfamily on input line 20.

Package fontspec Info: Font family 'CMUSerif(1)' created for font 'CMU Serif'
(fontspec)             with options [Ligatures=TeX,Script=Cyrillic].
(fontspec)              
(fontspec)              This font family consists of the following NFSS
(fontspec)             series/shapes:
(fontspec)              
(fontspec)             - 'normal' (m/n) with NFSS spec.: <->"CMU
(fontspec)             Serif/OT:script=cyrl;language=dflt;mapping=tex-text;"
(fontspec)             - 'small caps'  (m/sc) with NFSS spec.: <->"CMU
(fontspec)             Serif/OT:script=cyrl;language=dflt;+smcp;mapping=tex-tex
t;"
(fontspec)             - 'bold' (b/n) with NFSS spec.: <->"CMU
(fontspec)             Serif/B/OT:script=cyrl;language=dflt;mapping=tex-text;"
(fontspec)             - 'bold small caps'  (b/sc) with NFSS spec.: <->"CMU
(fontspec)             Serif/B/OT:script=cyrl;language=dflt;+smcp;mapping=tex-t
ext;"
(fontspec)             - 'italic' (m/it) with NFSS spec.: <->"CMU
(fontspec)             Serif/I/OT:script=cyrl;language=dflt;mapping=tex-text;"
(fontspec)             - 'italic small caps'  (m/scit) with NFSS spec.: 
(fontspec)             - 'bold italic' (b/it) with NFSS spec.: <->"CMU
(fontspec)             Serif/BI/OT:script=cyrl;language=dflt;mapping=tex-text;"

(fontspec)             - 'bold italic small caps'  (b/scit) with NFSS spec.: 

LaTeX Info: Redefining \rmfamily on input line 97.
LaTeX Info: Redefining \sffamily on input line 97.
LaTeX Info: Redefining \ttfamily on input line 97.
LaTeX Info: Redefining \rmfamily on input line 101.
LaTeX Info: Redefining \sffamily on input line 101.
LaTeX Info: Redefining \ttfamily on input line 101.
LaTeX Info: Redefining \rmfamily on input line 105.
LaTeX Info: Redefining \sffamily on input line 105.
LaTeX Info: Redefining \ttfamily on input line 105.
LaTeX Info: Redefining \rmfamily on input line 109.
LaTeX Info: Redefining \sffamily on input line 109.
LaTeX Info: Redefining \ttfamily on input line 109.
LaTeX Info: Redefining \rmfamily on input line 113.
LaTeX Info: Redefining \sffamily on input line 113.
LaTeX Info: Redefining \ttfamily on input line 113.
LaTeX Info: Redefining \rmfamily on input line 117.
LaTeX Info: Redefining \sffamily on input line 117.
LaTeX Info: Redefining \ttfamily on input line 117.
LaTeX Info: Redefining \rmfamily on input line 121.
LaTeX Info: Redefining \sffamily on input line 121.
LaTeX Info: Redefining \ttfamily on input line 121.
LaTeX Info: Redefining \rmfamily on input line 125.
LaTeX Info: Redefining \sffamily on input line 125.
LaTeX Info: Redefining \ttfamily on input line 125.
LaTeX Info: Redefining \rmfamily on input line 141.
LaTeX Info: Redefining \sffamily on input line 141.
LaTeX Info: Redefining \ttfamily on input line 141.
LaTeX Info: Redefining \rmfamily on input line 145.
LaTeX Info: Redefining \sffamily on input line 145.
LaTeX Info: Redefining \ttfamily on input line 145.
LaTeX Info: Redefining \rmfamily on input line 149.
LaTeX Info: Redefining \sffamily on input line 149.
LaTeX Info: Redefining \ttfamily on input line 149.
LaTeX Info: Redefining \rmfamily on input line 153.
LaTeX Info: Redefining \sffamily on input line 153.
LaTeX Info: Redefining \ttfamily on input line 153.
LaTeX Info: Redefining \rmfamily on input line 157.
LaTeX Info: Redefining \sffamily on input line 157.
LaTeX Info: Redefining \ttfamily on input line 157.
LaTeX Info: Redefining \rmfamily on input line 161.
LaTeX Info: Redefining \sffamily on input line 161.
LaTeX Info: Redefining \ttfamily on input line 161.
LaTeX Info: Redefining \rmfamily on input line 165.
LaTeX Info: Redefining \sffamily on input line 165.
LaTeX Info: Redefining \ttfamily on input line 165.
LaTeX Info: Redefining \rmfamily on input line 169.
LaTeX Info: Redefining \sffamily on input line 169.
LaTeX Info: Redefining \ttfamily on input line 169.
LaTeX Info: Redefining \rmfamily on input line 173.
LaTeX Info: Redefining \sffamily on input line 173.
LaTeX Info: Redefining \ttfamily on input line 173.
LaTeX Info: Redefining \rmfamily on input line 177.
LaTeX Info: Redefining \sffamily on input line 177.
LaTeX Info: Redefining \ttfamily on input line 177.
LaTeX Info: Redefining \rmfamily on input line 181.
LaTeX Info: Redefining \sffamily on input line 181.
LaTeX Info: Redefining \ttfamily on input line 181.
LaTeX Info: Redefining \rmfamily on input line 186.
LaTeX Info: Redefining \sffamily on input line 186.
LaTeX Info: Redefining \ttfamily on input line 186.
LaTeX Info: Redefining \rmfamily on input line 190.
LaTeX Info: Redefining \sffamily on input line 190.
LaTeX Info: Redefining \ttfamily on input line 190.
LaTeX Info: Redefining \rmfamily on input line 194.
LaTeX Info: Redefining \sffamily on input line 194.
LaTeX Info: Redefining \ttfamily on input line 194.
LaTeX Info: Redefining \rmfamily on input line 198.
LaTeX Info: Redefining \sffamily on input line 198.
LaTeX Info: Redefining \ttfamily on input line 198.
LaTeX Info: Redefining \rmfamily on input line 202.
LaTeX Info: Redefining \sffamily on input line 202.
LaTeX Info: Redefining \ttfamily on input line 202.
LaTeX Info: Redefining \rmfamily on input line 206.
LaTeX Info: Redefining \sffamily on input line 206.
LaTeX Info: Redefining \ttfamily on input line 206.
LaTeX Info: Redefining \rmfamily on input line 210.
LaTeX Info: Redefining \sffamily on input line 210.
LaTeX Info: Redefining \ttfamily on input line 210.
LaTeX Info: Redefining \rmfamily on input line 214.
LaTeX Info: Redefining \sffamily on input line 214.
LaTeX Info: Redefining \ttfamily on input line 214.
LaTeX Info: Redefining \rmfamily on input line 218.
LaTeX Info: Redefining \sffamily on input line 218.
LaTeX Info: Redefining \ttfamily on input line 218.
LaTeX Info: Redefining \rmfamily on input line 222.
LaTeX Info: Redefining \sffamily on input line 222.
LaTeX Info: Redefining \ttfamily on input line 222.
LaTeX Info: Redefining \rmfamily on input line 226.
LaTeX Info: Redefining \sffamily on input line 226.
LaTeX Info: Redefining \ttfamily on input line 226.
LaTeX Info: Redefining \rmfamily on input line 230.
LaTeX Info: Redefining \sffamily on input line 230.
LaTeX Info: Redefining \ttfamily on input line 230.
LaTeX Info: Redefining \rmfamily on input line 234.
LaTeX Info: Redefining \sffamily on input line 234.
LaTeX Info: Redefining \ttfamily on input line 234.
LaTeX Info: Redefining \rmfamily on input line 238.
LaTeX Info: Redefining \sffamily on input line 238.
LaTeX Info: Redefining \ttfamily on input line 238.
LaTeX Info: Redefining \rmfamily on input line 242.
LaTeX Info: Redefining \sffamily on input line 242.
LaTeX Info: Redefining \ttfamily on input line 242.
LaTeX Info: Redefining \rmfamily on input line 246.
LaTeX Info: Redefining \sffamily on input line 246.
LaTeX Info: Redefining \ttfamily on input line 246.
LaTeX Info: Redefining \rmfamily on input line 250.
LaTeX Info: Redefining \sffamily on input line 250.
LaTeX Info: Redefining \ttfamily on input line 250.
LaTeX Info: Redefining \rmfamily on input line 254.
LaTeX Info: Redefining \sffamily on input line 254.
LaTeX Info: Redefining \ttfamily on input line 254.
LaTeX Info: Redefining \rmfamily on input line 258.
LaTeX Info: Redefining \sffamily on input line 258.
LaTeX Info: Redefining \ttfamily on input line 258.
LaTeX Info: Redefining \rmfamily on input line 262.
LaTeX Info: Redefining \sffamily on input line 262.
LaTeX Info: Redefining \ttfamily on input line 262.
LaTeX Info: Redefining \rmfamily on input line 266.
LaTeX Info: Redefining \sffamily on input line 266.
LaTeX Info: Redefining \ttfamily on input line 266.
LaTeX Info: Redefining \rmfamily on input line 270.
LaTeX Info: Redefining \sffamily on input line 270.
LaTeX Info: Redefining \ttfamily on input line 270.
LaTeX Info: Redefining \rmfamily on input line 274.
LaTeX Info: Redefining \sffamily on input line 274.
LaTeX Info: Redefining \ttfamily on input line 274.
)
\openout1 = `vkr.aux'.

LaTeX Font Info:    Checking defaults for OML/cmm/m/it on input line 5.
LaTeX Font Info:    ... okay on input line 5.
LaTeX Font Info:    Checking defaults for OMS/cmsy/m/n on input line 5.
LaTeX Font Info:    ... okay on input line 5.
LaTeX Font Info:    Checking defaults for OT1/cmr/m/n on input line 5.
LaTeX Font Info:    ... okay on input line 5.
LaTeX Font Info:    Checking defaults for T1/cmr/m/n on input line 5.
LaTeX Font Info:    ... okay on input line 5.
LaTeX Font Info:    Checking defaults for TS1/cmr/m/n on input line 5.
LaTeX Font Info:    Trying to load font information for TS1+cmr on input line 5
.

(/usr/share/texlive/texmf-dist/tex/latex/base/ts1cmr.fd
File: ts1cmr.fd 2019/12/16 v2.5j Standard LaTeX font definitions
)
LaTeX Font Info:    ... okay on input line 5.
LaTeX Font Info:    Checking defaults for TU/lmr/m/n on input line 5.
LaTeX Font Info:    ... okay on input line 5.
LaTeX Font Info:    Checking defaults for OMX/cmex/m/n on input line 5.
LaTeX Font Info:    ... okay on input line 5.
LaTeX Font Info:    Checking defaults for U/cmr/m/n on input line 5.
LaTeX Font Info:    ... okay on input line 5.
LaTeX Font Info:    Checking defaults for PD1/pdf/m/n on input line 5.
LaTeX Font Info:    ... okay on input line 5.
LaTeX Font Info:    Checking defaults for PU/pdf/m/n on input line 5.
LaTeX Font Info:    ... okay on input line 5.

*geometry* driver: auto-detecting
*geometry* detected driver: xetex
*geometry* verbose mode - [ preamble ] result:
* driver: xetex
* paper: a4paper
* layout: <same size as paper>
* layoutoffset:(h,v)=(0.0pt,0.0pt)
* modes: 
* h-part:(L,W,R)=(89.62709pt, 418.25368pt, 89.6271pt)
* v-part:(T,H,B)=(101.40665pt, 591.5302pt, 152.11pt)
* \paperwidth=597.50787pt
* \paperheight=845.04684pt
* \textwidth=418.25368pt
* \textheight=591.5302pt
* \oddsidemargin=17.3571pt
* \evensidemargin=17.3571pt
* \topmargin=-9.86334pt
* \headheight=14.0pt
* \headsep=25.0pt
* \topskip=14.0pt
* \footskip=30.0pt
* \marginparwidth=15.0pt
* \marginparsep=10.0pt
* \columnsep=10.0pt
* \skip\footins=12.0pt plus 4.0pt minus 2.0pt
* \hoffset=0.0pt
* \voffset=0.0pt
* \mag=1000
* \@twocolumnfalse
* \@twosidefalse
* \@mparswitchfalse
* \@reversemarginfalse
* (1in=72.27pt=25.4mm, 1cm=28.453pt)


Package fontspec Info: Adjusting the maths setup (use [no-math] to avoid
(fontspec)             this).

\symlegacymaths=\mathgroup6
LaTeX Font Info:    Overwriting symbol font `legacymaths' in version `bold'
(Font)                  OT1/cmr/m/n --> OT1/cmr/bx/n on input line 5.
LaTeX Font Info:    Redeclaring math accent \acute on input line 5.
LaTeX Font Info:    Redeclaring math accent \grave on input line 5.
LaTeX Font Info:    Redeclaring math accent \ddot on input line 5.
LaTeX Font Info:    Redeclaring math accent \tilde on input line 5.
LaTeX Font Info:    Redeclaring math accent \bar on input line 5.
LaTeX Font Info:    Redeclaring math accent \breve on input line 5.
LaTeX Font Info:    Redeclaring math accent \check on input line 5.
LaTeX Font Info:    Redeclaring math accent \hat on input line 5.
LaTeX Font Info:    Redeclaring math accent \dot on input line 5.
LaTeX Font Info:    Redeclaring math accent \mathring on input line 5.
LaTeX Font Info:    Redeclaring math symbol \Gamma on input line 5.
LaTeX Font Info:    Redeclaring math symbol \Delta on input line 5.
LaTeX Font Info:    Redeclaring math symbol \Theta on input line 5.
LaTeX Font Info:    Redeclaring math symbol \Lambda on input line 5.
LaTeX Font Info:    Redeclaring math symbol \Xi on input line 5.
LaTeX Font Info:    Redeclaring math symbol \Pi on input line 5.
LaTeX Font Info:    Redeclaring math symbol \Sigma on input line 5.
LaTeX Font Info:    Redeclaring math symbol \Upsilon on input line 5.
LaTeX Font Info:    Redeclaring math symbol \Phi on input line 5.
LaTeX Font Info:    Redeclaring math symbol \Psi on input line 5.
LaTeX Font Info:    Redeclaring math symbol \Omega on input line 5.
LaTeX Font Info:    Redeclaring math symbol \mathdollar on input line 5.
LaTeX Font Info:    Redeclaring symbol font `operators' on input line 5.
LaTeX Font Info:    Encoding `OT1' has changed to `TU' for symbol font
(Font)              `operators' in the math version `normal' on input line 5.
LaTeX Font Info:    Overwriting symbol font `operators' in version `normal'
(Font)                  OT1/cmr/m/n --> TU/CMUSerif(0)/m/n on input line 5.
LaTeX Font Info:    Encoding `OT1' has changed to `TU' for symbol font
(Font)              `operators' in the math version `bold' on input line 5.
LaTeX Font Info:    Overwriting symbol font `operators' in version `bold'
(Font)                  OT1/cmr/bx/n --> TU/CMUSerif(0)/m/n on input line 5.
LaTeX Font Info:    Overwriting symbol font `operators' in version `normal'
(Font)                  TU/CMUSerif(0)/m/n --> TU/CMUSerif(0)/m/n on input line
 5.
LaTeX Font Info:    Overwriting math alphabet `\mathit' in version `normal'
(Font)                  OT1/cmr/m/it --> TU/CMUSerif(0)/m/it on input line 5.
LaTeX Font Info:    Overwriting math alphabet `\mathbf' in version `normal'
(Font)                  OT1/cmr/bx/n --> TU/CMUSerif(0)/b/n on input line 5.
LaTeX Font Info:    Overwriting math alphabet `\mathsf' in version `normal'
(Font)                  OT1/cmss/m/n --> TU/CMUSansSerif(0)/m/n on input line 5
.
LaTeX Font Info:    Overwriting math alphabet `\mathtt' in version `normal'
(Font)                  OT1/cmtt/m/n --> TU/CMUTypewriterText(0)/m/n on input l
ine 5.
LaTeX Font Info:    Overwriting symbol font `operators' in version `bold'
(Font)                  TU/CMUSerif(0)/m/n --> TU/CMUSerif(0)/b/n on input line
 5.
LaTeX Font Info:    Overwriting math alphabet `\mathit' in version `bold'
(Font)                  OT1/cmr/bx/it --> TU/CMUSerif(0)/b/it on input line 5.
LaTeX Font Info:    Overwriting math alphabet `\mathsf' in version `bold'
(Font)                  OT1/cmss/bx/n --> TU/CMUSansSerif(0)/b/n on input line 
5.
LaTeX Font Info:    Overwriting math alphabet `\mathtt' in version `bold'
(Font)                  OT1/cmtt/m/n --> TU/CMUTypewriterText(0)/b/n on input l
ine 5.
Package caption Info: Begin \AtBeginDocument code.
Package caption Info: hyperref package is loaded.
Package caption Info: listings package is loaded.
Package caption Info: End \AtBeginDocument code.
\c@lstlisting=\count406
Package newfloat Info: `float' package detected.
LaTeX Info: Redefining \microtypecontext on input line 5.
Package microtype Info: Applying patch `item' on input line 5.
Package microtype Info: Applying patch `toc' on input line 5.
Package microtype Info: Applying patch `eqnum' on input line 5.

Package microtype Warning: Unable to apply patch `footnote' on input line 5.

Package microtype Info: Character protrusion enabled (level 2).
Package microtype Info: Using default protrusion set `alltext'.
Package microtype Info: No adjustment of tracking.
Package microtype Info: No adjustment of spacing.
Package microtype Info: No adjustment of kerning.
(/usr/share/texlive/texmf-dist/tex/latex/microtype/mt-NewComputerModern.cfg
File: mt-NewComputerModern.cfg 2021/11/09 v1.1 microtype config. file: New Comp
uter Modern (AT)
)
Package hyperref Info: Link coloring ON on input line 5.

(/usr/share/texlive/texmf-dist/tex/latex/hyperref/nameref.sty
Package: nameref 2021-04-02 v2.47 Cross-referencing by name of section

(/usr/share/texlive/texmf-dist/tex/latex/refcount/refcount.sty
Package: refcount 2019/12/15 v3.6 Data extraction from label references (HO)
)
(/usr/share/texlive/texmf-dist/tex/generic/gettitlestring/gettitlestring.sty
Package: gettitlestring 2019/12/15 v1.6 Cleanup title references (HO)
)
\c@section@level=\count407
)
LaTeX Info: Redefining \ref on input line 5.
LaTeX Info: Redefining \pageref on input line 5.
LaTeX Info: Redefining \nameref on input line 5.

(./vkr.out) (./vkr.out)
\@outlinefile=\write6
\openout6 = `vkr.out'.

Package translations Info: no dictionary file `translations-basic-dictionary-ru
ssian.trsl' found. on input line 5.

(/usr/share/texlive/texmf-dist/tex/latex/translations/translations-basic-dictio
nary-english.trsl
File: translations-basic-dictionary-english.trsl (english translation file `tra
nslations-basic-dictionary')
)
Package translations Info: loading dictionary `translations-basic-dictionary' f
or `english'. on input line 5.
LaTeX Info: Redefining \rmfamily on input line 5.
LaTeX Info: Redefining \sffamily on input line 5.
LaTeX Info: Redefining \ttfamily on input line 5.
LaTeX Info: Redefining \rmfamily on input line 5.
LaTeX Info: Redefining \sffamily on input line 5.
LaTeX Info: Redefining \ttfamily on input line 5.
 (./title.tex)
(/usr/share/texlive/texmf-dist/tex/latex/base/size12.clo
File: size12.clo 2021/10/04 v1.4n Standard LaTeX file (size option)
LaTeX Info: Redefining \small on input line 58.
LaTeX Info: Redefining \footnotesize on input line 69.
LaTeX Info: Redefining \scriptsize on input line 80.
LaTeX Info: Redefining \tiny on input line 81.
LaTeX Info: Redefining \large on input line 82.
LaTeX Info: Redefining \Large on input line 83.
LaTeX Info: Redefining \LARGE on input line 84.
LaTeX Info: Redefining \huge on input line 85.
)
\c@titlepages=\count408
*geometry* verbose mode - [ newgeometry ] result:
* driver: xetex
* paper: a4paper
* layout: <same size as paper>
* layoutoffset:(h,v)=(0.0pt,0.0pt)
* modes: includehead includefoot 
* h-part:(L,W,R)=(56.9055pt, 497.92325pt, 42.67912pt)
* v-part:(T,H,B)=(56.9055pt, 731.23584pt, 56.9055pt)
* \paperwidth=597.50787pt
* \paperheight=845.04684pt
* \textwidth=497.92325pt
* \textheight=701.23584pt
* \oddsidemargin=-15.36449pt
* \evensidemargin=-15.36449pt
* \topmargin=-15.36449pt
* \headheight=0.0pt
* \headsep=0.0pt
* \topskip=14.0pt
* \footskip=30.0pt
* \marginparwidth=15.0pt
* \marginparsep=10.0pt
* \columnsep=10.0pt
* \skip\footins=10.8pt plus 4.0pt minus 2.0pt
* \hoffset=0.0pt
* \voffset=0.0pt
* \mag=1000
* \@twocolumnfalse
* \@twosidefalse
* \@mparswitchfalse
* \@reversemarginfalse
* (1in=72.27pt=25.4mm, 1cm=28.453pt)



Package fancyhdr Warning: \headheight is too small (0.0pt): 
(fancyhdr)                Make it at least 47.95204pt, for example:
(fancyhdr)                \setlength{\headheight}{47.95204pt}.
(fancyhdr)                You might also make \topmargin smaller to compensate:

(fancyhdr)                \addtolength{\topmargin}{-47.95204pt}.


Package fancyhdr Warning: \footskip is too small (30.0pt): 
(fancyhdr)                Make it at least 33.25204pt, for example:
(fancyhdr)                \setlength{\footskip}{33.25204pt}.

[1


]
*geometry* verbose mode - [ newgeometry ] result:
* driver: xetex
* paper: a4paper
* layout: <same size as paper>
* layoutoffset:(h,v)=(0.0pt,0.0pt)
* modes: includehead includefoot 
* h-part:(L,W,R)=(56.9055pt, 497.92325pt, 42.67912pt)
* v-part:(T,H,B)=(56.9055pt, 731.23584pt, 56.9055pt)
* \paperwidth=597.50787pt
* \paperheight=845.04684pt
* \textwidth=497.92325pt
* \textheight=701.23584pt
* \oddsidemargin=-15.36449pt
* \evensidemargin=-15.36449pt
* \topmargin=-15.36449pt
* \headheight=0.0pt
* \headsep=0.0pt
* \topskip=14.0pt
* \footskip=30.0pt
* \marginparwidth=15.0pt
* \marginparsep=10.0pt
* \columnsep=10.0pt
* \skip\footins=10.8pt plus 4.0pt minus 2.0pt
* \hoffset=0.0pt
* \voffset=0.0pt
* \mag=1000
* \@twocolumnfalse
* \@twosidefalse
* \@mparswitchfalse
* \@reversemarginfalse
* (1in=72.27pt=25.4mm, 1cm=28.453pt)

LaTeX Info: Redefining \rmfamily on input line 7.
LaTeX Info: Redefining \sffamily on input line 7.
LaTeX Info: Redefining \ttfamily on input line 7.
LaTeX Info: Redefining \rmfamily on input line 7.
LaTeX Info: Redefining \sffamily on input line 7.
LaTeX Info: Redefining \ttfamily on input line 7.
LaTeX Info: Redefining \rmfamily on input line 7.
LaTeX Info: Redefining \sffamily on input line 7.
LaTeX Info: Redefining \ttfamily on input line 7.


Package fancyhdr Warning: \headheight is too small (0.0pt): 
(fancyhdr)                Make it at least 47.95204pt, for example:
(fancyhdr)                \setlength{\headheight}{47.95204pt}.
(fancyhdr)                You might also make \topmargin smaller to compensate:

(fancyhdr)                \addtolength{\topmargin}{-47.95204pt}.


Package fancyhdr Warning: \footskip is too small (30.0pt): 
(fancyhdr)                Make it at least 33.25204pt, for example:
(fancyhdr)                \setlength{\footskip}{33.25204pt}.

[1

] (/usr/share/texlive/texmf-dist/tex/latex/extsizes/size14.clo
File: size14.clo 1999/11/11 v1.4a NON-Standard LaTeX file (size option)
)
*geometry* verbose mode - [ newgeometry ] result:
* driver: xetex
* paper: a4paper
* layout: <same size as paper>
* layoutoffset:(h,v)=(0.0pt,0.0pt)
* modes: includehead includefoot 
* h-part:(L,W,R)=(85.35826pt, 469.47049pt, 42.67912pt)
* v-part:(T,H,B)=(56.9055pt, 731.23584pt, 56.9055pt)
* \paperwidth=597.50787pt
* \paperheight=845.04684pt
* \textwidth=469.47049pt
* \textheight=701.23584pt
* \oddsidemargin=13.08827pt
* \evensidemargin=13.08827pt
* \topmargin=-15.36449pt
* \headheight=0.0pt
* \headsep=0.0pt
* \topskip=14.0pt
* \footskip=30.0pt
* \marginparwidth=15.0pt
* \marginparsep=10.0pt
* \columnsep=10.0pt
* \skip\footins=12.0pt plus 4.0pt minus 2.0pt
* \hoffset=0.0pt
* \voffset=0.0pt
* \mag=1000
* \@twocolumnfalse
* \@twosidefalse
* \@mparswitchfalse
* \@reversemarginfalse
* (1in=72.27pt=25.4mm, 1cm=28.453pt)

 (./vkr.toc
LaTeX Info: Redefining \rmfamily on input line 1.
LaTeX Info: Redefining \sffamily on input line 1.
LaTeX Info: Redefining \ttfamily on input line 1.
LaTeX Font Info:    Trying to load font information for U+msa on input line 7.

(/usr/share/texlive/texmf-dist/tex/latex/amsfonts/umsa.fd
File: umsa.fd 2013/01/14 v3.01 AMS symbols A
)
(/usr/share/texlive/texmf-dist/tex/latex/microtype/mt-msa.cfg
File: mt-msa.cfg 2006/02/04 v1.1 microtype config. file: AMS symbols (a) (RS)
)
LaTeX Font Info:    Trying to load font information for U+msb on input line 7.

(/usr/share/texlive/texmf-dist/tex/latex/amsfonts/umsb.fd
File: umsb.fd 2013/01/14 v3.01 AMS symbols B
)
(/usr/share/texlive/texmf-dist/tex/latex/microtype/mt-msb.cfg
File: mt-msb.cfg 2005/06/01 v1.0 microtype config. file: AMS symbols (b) (RS)
)
(/usr/share/texlive/texmf-dist/tex/latex/microtype/mt-cmr.cfg
File: mt-cmr.cfg 2013/05/19 v2.2 microtype config. file: Computer Modern Roman 
(RS)
)
LaTeX Info: Redefining \rmfamily on input line 24.
LaTeX Info: Redefining \sffamily on input line 24.
LaTeX Info: Redefining \ttfamily on input line 24.
LaTeX Info: Redefining \rmfamily on input line 25.
LaTeX Info: Redefining \sffamily on input line 25.
LaTeX Info: Redefining \ttfamily on input line 25.
LaTeX Info: Redefining \rmfamily on input line 26.
LaTeX Info: Redefining \sffamily on input line 26.
LaTeX Info: Redefining \ttfamily on input line 26.
LaTeX Info: Redefining \rmfamily on input line 27.
LaTeX Info: Redefining \sffamily on input line 27.
LaTeX Info: Redefining \ttfamily on input line 27.
LaTeX Info: Redefining \rmfamily on input line 28.
LaTeX Info: Redefining \sffamily on input line 28.
LaTeX Info: Redefining \ttfamily on input line 28.
LaTeX Info: Redefining \rmfamily on input line 29.
LaTeX Info: Redefining \sffamily on input line 29.
LaTeX Info: Redefining \ttfamily on input line 29.
LaTeX Info: Redefining \rmfamily on input line 30.
LaTeX Info: Redefining \sffamily on input line 30.
LaTeX Info: Redefining \ttfamily on input line 30.
LaTeX Info: Redefining \rmfamily on input line 31.
LaTeX Info: Redefining \sffamily on input line 31.
LaTeX Info: Redefining \ttfamily on input line 31.
LaTeX Info: Redefining \rmfamily on input line 32.
LaTeX Info: Redefining \sffamily on input line 32.
LaTeX Info: Redefining \ttfamily on input line 32.
LaTeX Info: Redefining \rmfamily on input line 33.
LaTeX Info: Redefining \sffamily on input line 33.
LaTeX Info: Redefining \ttfamily on input line 33.
LaTeX Info: Redefining \rmfamily on input line 34.
LaTeX Info: Redefining \sffamily on input line 34.
LaTeX Info: Redefining \ttfamily on input line 34.
LaTeX Info: Redefining \rmfamily on input line 35.
LaTeX Info: Redefining \sffamily on input line 35.
LaTeX Info: Redefining \ttfamily on input line 35.
LaTeX Info: Redefining \rmfamily on input line 36.
LaTeX Info: Redefining \sffamily on input line 36.
LaTeX Info: Redefining \ttfamily on input line 36.
LaTeX Info: Redefining \rmfamily on input line 37.
LaTeX Info: Redefining \sffamily on input line 37.
LaTeX Info: Redefining \ttfamily on input line 37.
LaTeX Info: Redefining \rmfamily on input line 38.
LaTeX Info: Redefining \sffamily on input line 38.
LaTeX Info: Redefining \ttfamily on input line 38.
LaTeX Info: Redefining \rmfamily on input line 39.
LaTeX Info: Redefining \sffamily on input line 39.
LaTeX Info: Redefining \ttfamily on input line 39.
LaTeX Info: Redefining \rmfamily on input line 40.
LaTeX Info: Redefining \sffamily on input line 40.
LaTeX Info: Redefining \ttfamily on input line 40.
LaTeX Info: Redefining \rmfamily on input line 41.
LaTeX Info: Redefining \sffamily on input line 41.
LaTeX Info: Redefining \ttfamily on input line 41.
LaTeX Info: Redefining \rmfamily on input line 42.
LaTeX Info: Redefining \sffamily on input line 42.
LaTeX Info: Redefining \ttfamily on input line 42.
LaTeX Info: Redefining \rmfamily on input line 43.
LaTeX Info: Redefining \sffamily on input line 43.
LaTeX Info: Redefining \ttfamily on input line 43.
LaTeX Info: Redefining \rmfamily on input line 44.
LaTeX Info: Redefining \sffamily on input line 44.
LaTeX Info: Redefining \ttfamily on input line 44.
LaTeX Info: Redefining \rmfamily on input line 45.
LaTeX Info: Redefining \sffamily on input line 45.
LaTeX Info: Redefining \ttfamily on input line 45.
LaTeX Info: Redefining \rmfamily on input line 46.
LaTeX Info: Redefining \sffamily on input line 46.
LaTeX Info: Redefining \ttfamily on input line 46.
LaTeX Info: Redefining \rmfamily on input line 47.
LaTeX Info: Redefining \sffamily on input line 47.
LaTeX Info: Redefining \ttfamily on input line 47.
LaTeX Info: Redefining \rmfamily on input line 48.
LaTeX Info: Redefining \sffamily on input line 48.
LaTeX Info: Redefining \ttfamily on input line 48.
LaTeX Info: Redefining \rmfamily on input line 49.
LaTeX Info: Redefining \sffamily on input line 49.
LaTeX Info: Redefining \ttfamily on input line 49.
LaTeX Info: Redefining \rmfamily on input line 50.
LaTeX Info: Redefining \sffamily on input line 50.
LaTeX Info: Redefining \ttfamily on input line 50.
LaTeX Info: Redefining \rmfamily on input line 51.
LaTeX Info: Redefining \sffamily on input line 51.
LaTeX Info: Redefining \ttfamily on input line 51.
LaTeX Info: Redefining \rmfamily on input line 52.
LaTeX Info: Redefining \sffamily on input line 52.
LaTeX Info: Redefining \ttfamily on input line 52.
LaTeX Info: Redefining \rmfamily on input line 53.
LaTeX Info: Redefining \sffamily on input line 53.
LaTeX Info: Redefining \ttfamily on input line 53.
LaTeX Info: Redefining \rmfamily on input line 54.
LaTeX Info: Redefining \sffamily on input line 54.
LaTeX Info: Redefining \ttfamily on input line 54.
LaTeX Info: Redefining \rmfamily on input line 55.
LaTeX Info: Redefining \sffamily on input line 55.
LaTeX Info: Redefining \ttfamily on input line 55.
LaTeX Info: Redefining \rmfamily on input line 56.
LaTeX Info: Redefining \sffamily on input line 56.
LaTeX Info: Redefining \ttfamily on input line 56.
LaTeX Info: Redefining \rmfamily on input line 57.
LaTeX Info: Redefining \sffamily on input line 57.
LaTeX Info: Redefining \ttfamily on input line 57.
LaTeX Info: Redefining \rmfamily on input line 58.
LaTeX Info: Redefining \sffamily on input line 58.
LaTeX Info: Redefining \ttfamily on input line 58.
LaTeX Info: Redefining \rmfamily on input line 59.
LaTeX Info: Redefining \sffamily on input line 59.
LaTeX Info: Redefining \ttfamily on input line 59.
LaTeX Info: Redefining \rmfamily on input line 60.
LaTeX Info: Redefining \sffamily on input line 60.
LaTeX Info: Redefining \ttfamily on input line 60.
LaTeX Info: Redefining \rmfamily on input line 61.
LaTeX Info: Redefining \sffamily on input line 61.
LaTeX Info: Redefining \ttfamily on input line 61.
LaTeX Info: Redefining \rmfamily on input line 62.
LaTeX Info: Redefining \sffamily on input line 62.
LaTeX Info: Redefining \ttfamily on input line 62.
LaTeX Info: Redefining \rmfamily on input line 63.
LaTeX Info: Redefining \sffamily on input line 63.
LaTeX Info: Redefining \ttfamily on input line 63.
LaTeX Info: Redefining \rmfamily on input line 64.
LaTeX Info: Redefining \sffamily on input line 64.
LaTeX Info: Redefining \ttfamily on input line 64.
LaTeX Info: Redefining \rmfamily on input line 65.
LaTeX Info: Redefining \sffamily on input line 65.
LaTeX Info: Redefining \ttfamily on input line 65.
)
\tf@toc=\write7
\openout7 = `vkr.toc'.


(./000_intro.tex [3

]) (./010_task.tex [4] [5]) (./015_req.tex [6] [7])
(./020_related.tex [8] [9]) (./030_solution.tex [10]
File: arch.png Graphic file (type bmp)
<arch.png>
 [11]
Underfull \hbox (badness 5119) in paragraph at lines 38--41
[]\TU/CMUSerif(1)/b/n/14.4 Visualization (подсистема визуализации). \TU/CMUSeri
f(1)/m/n/14.4 Обеспечивает
 []

File: use_case.png Graphic file (type bmp)
<use_case.png>

LaTeX Warning: `!h' float specifier changed to `!ht'.

[12]) (./040_implementation.tex [13]
Package microtype Info: Loading generic protrusion settings for font family
(microtype)             `CMUTypewriterText' (encoding: TU).
(microtype)             For optimal results, create family-specific settings.
(microtype)             See the microtype manual for details.
 [14] [15]
File: setup.png Graphic file (type bmp)
<setup.png>
 [16] [17]
File: mutual.png Graphic file (type bmp)
<mutual.png>
 [18]
File: specific.png Graphic file (type bmp)
<specific.png>
File: agg.png Graphic file (type bmp)
<agg.png>
 [19] [20]
[21] [22] [23] [24] [25]) (./045_aprob.tex [26] [27]) (./050_conclusion.tex
[28])
Underfull \hbox (badness 10000) in paragraph at lines 20--21
\TU/CMUSerif(1)/m/n/14.4 Исходный код разработанной системы: [][]$[][][][][] []
 [] [] [][][][][][] [] [][][] []
 []

(./vkr.bbl [29]
LaTeX Info: Redefining \rmfamily on input line 15.
LaTeX Info: Redefining \sffamily on input line 15.
LaTeX Info: Redefining \ttfamily on input line 15.

Underfull \hbox (badness 10000) in paragraph at lines 16--19
[]\TU/CMUSerif(0)/m/n/14.4 Bootstrap. []  URL: [][]$[][][][][] [] [] [] [][][][
][][][][][][][][] [] [][][][]$[][]. []  (дата
 []

LaTeX Info: Redefining \rmfamily on input line 21.
LaTeX Info: Redefining \sffamily on input line 21.
LaTeX Info: Redefining \ttfamily on input line 21.
LaTeX Info: Redefining \rmfamily on input line 27.
LaTeX Info: Redefining \sffamily on input line 27.
LaTeX Info: Redefining \ttfamily on input line 27.

Underfull \hbox (badness 10000) in paragraph at lines 28--33
[][][][][][][][][] [] [][][] [] [][][][][][][][] [] [][][][][][][][][][][][][][
][][][][][][][][][][][][][][][] [] [][][][]$[][]\TU/CMUSerif(0)/m/n/14.4 . []
 []

LaTeX Info: Redefining \rmfamily on input line 35.
LaTeX Info: Redefining \sffamily on input line 35.
LaTeX Info: Redefining \ttfamily on input line 35.

Underfull \hbox (badness 2922) in paragraph at lines 36--43
[]\TU/CMUSerif(0)/m/n/14.4 Oleg Granichin, Senior Member, IEEE, and Natalia Ame
lina.
 []


Underfull \hbox (badness 3108) in paragraph at lines 36--43
\TU/CMUSerif(0)/m/n/14.4 Simultaneous Perturbation Stochastic Approximation for
 Track-
 []


Underfull \hbox (badness 10000) in paragraph at lines 36--43
\TU/CMUSerif(0)/m/n/14.4 ing Under Unknown but Bounded Disturbances. []  URL:
 []


Underfull \hbox (badness 10000) in paragraph at lines 36--43
[][]$[][][][][] [] [] [] [][][] [] [][][][][][][][][][][][] [] [][][] [] [][][]
[][][][][][][][] [] [][][][][][][][][] []
 []


Underfull \hbox (badness 10000) in paragraph at lines 36--43
[][][][][][][][][][][][] [] [][][][][][][][][][][][] [] [][][][][][][][][][] []
 [][][][][][][][][][][][][] [] [][][] []
 []


Underfull \hbox (badness 10000) in paragraph at lines 36--43
[][][][][][][][] [] [][][][][] [] [][][][][][][] [] [][][] [] [][][][][][][] []
 [][][][][][][][][][][][]$[][]\TU/CMUSerif(0)/m/n/14.4 . []  (дата
 []

LaTeX Info: Redefining \rmfamily on input line 45.
LaTeX Info: Redefining \sffamily on input line 45.
LaTeX Info: Redefining \ttfamily on input line 45.
LaTeX Info: Redefining \rmfamily on input line 51.
LaTeX Info: Redefining \sffamily on input line 51.
LaTeX Info: Redefining \ttfamily on input line 51.

Underfull \hbox (badness 10000) in paragraph at lines 52--58
[]\TU/CMUSerif(0)/m/n/14.4 Ruggero Carli, Alessandro Chiuso, Luca Schenato, San
dro
 []


Underfull \hbox (badness 10000) in paragraph at lines 52--58
\TU/CMUSerif(0)/m/n/14.4 gies. []  URL: [][]$[][][][][] [] [] [] [][][] [] [][]
[][][][][][][][][][] [] [][][] [] [][][][][][][][][][][] []
 []


Underfull \hbox (badness 10000) in paragraph at lines 52--58
[][][][][][][] [] [][][][][][][][][][][] [] [][][][][][] [] [][][][][][][][][] 
[] [][][][][] [] [][] [] [][][][][][][][][] []
 []

LaTeX Info: Redefining \rmfamily on input line 60.
LaTeX Info: Redefining \sffamily on input line 60.
LaTeX Info: Redefining \ttfamily on input line 60.

Underfull \hbox (badness 10000) in paragraph at lines 61--64
[]\TU/CMUSerif(0)/m/n/14.4 SIMLAN. []  URL: [][]$[][][][][] [] [] [] [][][][][]
[] [] [][][] [] [][][][][][][][][][][][][][][][][] []
 []

LaTeX Info: Redefining \rmfamily on input line 66.
LaTeX Info: Redefining \sffamily on input line 66.
LaTeX Info: Redefining \ttfamily on input line 66.

Underfull \hbox (badness 10000) in paragraph at lines 67--74
[]\TU/CMUSerif(0)/m/n/14.4 Victoria Erofeeva, Oleg Granichin, Senior Member, IE
EE,
 []


Underfull \hbox (badness 6157) in paragraph at lines 67--74
\TU/CMUSerif(0)/m/n/14.4 Anna Sergeenko. Accelerated Consensus-Based SPSA Algo-

 []


Underfull \hbox (badness 3492) in paragraph at lines 67--74
\TU/CMUSerif(0)/m/n/14.4 rithm for Multisensor Multitarget Tracking Problem. []
  URL:
 []


Underfull \hbox (badness 10000) in paragraph at lines 67--74
[][]$[][][][][] [] [] [] [][][] [] [][][][][][][][][][][][] [] [][][] [] [][][]
[][][][][][][][] [] [][][][][][][][][] []
 []


Underfull \hbox (badness 10000) in paragraph at lines 67--74
[][][][][][][][][][][] [] [][][][][][][][][][][][][][][][] [] [][][][] [] [][][
][][][][][][] [] [][][] []
 []

[30]
LaTeX Info: Redefining \rmfamily on input line 76.
LaTeX Info: Redefining \sffamily on input line 76.
LaTeX Info: Redefining \ttfamily on input line 76.

Underfull \hbox (badness 3514) in paragraph at lines 77--83
\TU/CMUSerif(0)/m/n/14.4 движением» с международным участием. []  URL: [][]$[][
][][][] [] [] []
 []


Underfull \hbox (badness 1163) in paragraph at lines 77--83
[][][][][][][][][][][][][] [] [][][] [] [][] [] [][][][][][][][][][][][][][][][
][][][][][][][][][][][][][][]$[][]\TU/CMUSerif(0)/m/n/14.4 . []  (дата
 []

LaTeX Info: Redefining \rmfamily on input line 85.
LaTeX Info: Redefining \sffamily on input line 85.
LaTeX Info: Redefining \ttfamily on input line 85.

Underfull \hbox (badness 3977) in paragraph at lines 86--89
[]\TU/CMUSerif(0)/m/n/14.4 АО «Концерн «ЦНИИ «Электроприбор». []  URL: [][]$[][
][][][] [] [] []
 []

LaTeX Info: Redefining \rmfamily on input line 91.
LaTeX Info: Redefining \sffamily on input line 91.
LaTeX Info: Redefining \ttfamily on input line 91.

Underfull \hbox (badness 5064) in paragraph at lines 92--95
[]\TU/CMUSerif(0)/m/n/14.4 База данных PostgreSQL. []  URL: [][]$[][][][][] [] 
[] [] [][][] [] [][][][][][][][][][] []
 []

LaTeX Info: Redefining \rmfamily on input line 97.
LaTeX Info: Redefining \sffamily on input line 97.
LaTeX Info: Redefining \ttfamily on input line 97.

Underfull \hbox (badness 4229) in paragraph at lines 98--101
[]\TU/CMUSerif(0)/m/n/14.4 База данных SQLite3. []  URL: [][]$[][][][][] [] [] 
[] [][][][] [] [][][][][][] [] [][][] [] [] []
 []

LaTeX Info: Redefining \rmfamily on input line 103.
LaTeX Info: Redefining \sffamily on input line 103.
LaTeX Info: Redefining \ttfamily on input line 103.
LaTeX Info: Redefining \rmfamily on input line 109.
LaTeX Info: Redefining \sffamily on input line 109.
LaTeX Info: Redefining \ttfamily on input line 109.

Underfull \hbox (badness 5802) in paragraph at lines 110--113
[]\TU/CMUSerif(0)/m/n/14.4 Библиотека NumPy. []  URL: [][]$[][][][][] [] [] [] 
[][][][][] [] [][][][]$[][]. []  (дата
 []

LaTeX Info: Redefining \rmfamily on input line 115.
LaTeX Info: Redefining \sffamily on input line 115.
LaTeX Info: Redefining \ttfamily on input line 115.

Underfull \hbox (badness 10000) in paragraph at lines 116--119
[]\TU/CMUSerif(0)/m/n/14.4 Библиотека SciPy. []  URL: [][]$[][][][][] [] [] [] 
[][][][][] [] [][][][]$[][]. []  (дата
 []

LaTeX Info: Redefining \rmfamily on input line 121.
LaTeX Info: Redefining \sffamily on input line 121.
LaTeX Info: Redefining \ttfamily on input line 121.

Underfull \hbox (badness 10000) in paragraph at lines 122--125
[]\TU/CMUSerif(0)/m/n/14.4 Библиотека pytest. []  URL: [][]$[][][][][] [] [] []
 [][][][] [] [][][][][][] [] [][][] [] [][] []
 []

LaTeX Info: Redefining \rmfamily on input line 127.
LaTeX Info: Redefining \sffamily on input line 127.
LaTeX Info: Redefining \ttfamily on input line 127.

Underfull \hbox (badness 4765) in paragraph at lines 128--131
[]\TU/CMUSerif(0)/m/n/14.4 Веб-фреймворк Django. []  URL: [][]$[][][][][] [] []
 [] [][][] [] [][][][][][][][][][][][][] []
 []

LaTeX Info: Redefining \rmfamily on input line 133.
LaTeX Info: Redefining \sffamily on input line 133.
LaTeX Info: Redefining \ttfamily on input line 133.

Underfull \hbox (badness 10000) in paragraph at lines 134--137
[]\TU/CMUSerif(0)/m/n/14.4 Драйвер psycopg2. []  URL: [][]$[][][][][] [] [] [] 
[][][][] [] [][][] [] [][][][][][][] []
 []

LaTeX Info: Redefining \rmfamily on input line 139.
LaTeX Info: Redefining \sffamily on input line 139.
LaTeX Info: Redefining \ttfamily on input line 139.
LaTeX Info: Redefining \rmfamily on input line 145.
LaTeX Info: Redefining \sffamily on input line 145.
LaTeX Info: Redefining \ttfamily on input line 145.
[31]
LaTeX Info: Redefining \rmfamily on input line 151.
LaTeX Info: Redefining \sffamily on input line 151.
LaTeX Info: Redefining \ttfamily on input line 151.

Underfull \hbox (badness 7133) in paragraph at lines 152--155
[]\TU/CMUSerif(0)/m/n/14.4 Язык Python. []  URL: [][]$[][][][][] [] [] [] [][][
] [] [][][][][][] [] [][][][]$[][]. []  (дата
 []

LaTeX Info: Redefining \rmfamily on input line 156.
LaTeX Info: Redefining \sffamily on input line 156.
LaTeX Info: Redefining \ttfamily on input line 156.
LaTeX Info: Redefining \rmfamily on input line 156.
LaTeX Info: Redefining \sffamily on input line 156.
LaTeX Info: Redefining \ttfamily on input line 156.
LaTeX Info: Redefining \rmfamily on input line 156.
LaTeX Info: Redefining \sffamily on input line 156.
LaTeX Info: Redefining \ttfamily on input line 156.
LaTeX Info: Redefining \rmfamily on input line 156.
LaTeX Info: Redefining \sffamily on input line 156.
LaTeX Info: Redefining \ttfamily on input line 156.
LaTeX Info: Redefining \rmfamily on input line 156.
LaTeX Info: Redefining \sffamily on input line 156.
LaTeX Info: Redefining \ttfamily on input line 156.
LaTeX Info: Redefining \rmfamily on input line 156.
LaTeX Info: Redefining \sffamily on input line 156.
LaTeX Info: Redefining \ttfamily on input line 156.
LaTeX Info: Redefining \rmfamily on input line 156.
LaTeX Info: Redefining \sffamily on input line 156.
LaTeX Info: Redefining \ttfamily on input line 156.
LaTeX Info: Redefining \rmfamily on input line 156.
LaTeX Info: Redefining \sffamily on input line 156.
LaTeX Info: Redefining \ttfamily on input line 156.
LaTeX Info: Redefining \rmfamily on input line 156.
LaTeX Info: Redefining \sffamily on input line 156.
LaTeX Info: Redefining \ttfamily on input line 156.
LaTeX Info: Redefining \rmfamily on input line 156.
LaTeX Info: Redefining \sffamily on input line 156.
LaTeX Info: Redefining \ttfamily on input line 156.
LaTeX Info: Redefining \rmfamily on input line 156.
LaTeX Info: Redefining \sffamily on input line 156.
LaTeX Info: Redefining \ttfamily on input line 156.
LaTeX Info: Redefining \rmfamily on input line 156.
LaTeX Info: Redefining \sffamily on input line 156.
LaTeX Info: Redefining \ttfamily on input line 156.
LaTeX Info: Redefining \rmfamily on input line 156.
LaTeX Info: Redefining \sffamily on input line 156.
LaTeX Info: Redefining \ttfamily on input line 156.
LaTeX Info: Redefining \rmfamily on input line 156.
LaTeX Info: Redefining \sffamily on input line 156.
LaTeX Info: Redefining \ttfamily on input line 156.
LaTeX Info: Redefining \rmfamily on input line 156.
LaTeX Info: Redefining \sffamily on input line 156.
LaTeX Info: Redefining \ttfamily on input line 156.
LaTeX Info: Redefining \rmfamily on input line 156.
LaTeX Info: Redefining \sffamily on input line 156.
LaTeX Info: Redefining \ttfamily on input line 156.
LaTeX Info: Redefining \rmfamily on input line 156.
LaTeX Info: Redefining \sffamily on input line 156.
LaTeX Info: Redefining \ttfamily on input line 156.
LaTeX Info: Redefining \rmfamily on input line 156.
LaTeX Info: Redefining \sffamily on input line 156.
LaTeX Info: Redefining \ttfamily on input line 156.
LaTeX Info: Redefining \rmfamily on input line 156.
LaTeX Info: Redefining \sffamily on input line 156.
LaTeX Info: Redefining \ttfamily on input line 156.
LaTeX Info: Redefining \rmfamily on input line 156.
LaTeX Info: Redefining \sffamily on input line 156.
LaTeX Info: Redefining \ttfamily on input line 156.
LaTeX Info: Redefining \rmfamily on input line 156.
LaTeX Info: Redefining \sffamily on input line 156.
LaTeX Info: Redefining \ttfamily on input line 156.
)
The property list \polyglossia@langsetup contains the pairs (without outer
braces):
>  {latex/script}  =>  {latin}
>  {latex/lcscript}  =>  {latin}
>  {latex/scripttag}  =>  {}
>  {latex/language}  =>  {Latex}
>  {latex/langtag}  =>  {ENG}
>  {latex/bcp47}  =>  {}
>  {latex/hyphennames}  =>  {english}
>  {latex/direction}  =>  {LR}
>  {latex/hyphenmins}  =>  {2,3}
>  {latex/frenchspacing}  =>  {false}
>  {latex/indentfirst}  =>  {false}
>  {latex/fontsetup}  =>  {true}
>  {latex/envname}  =>  {latex}
>  {latex/babelname}  =>  {latex}
>  {latex/localnumeral}  =>  {polyglossia@C@localnumeral}
>  {latex/Localnumeral}  =>  {polyglossia@C@localnumeral}
>  {russian/script}  =>  {Cyrillic}
>  {russian/lcscript}  =>  {cyrillic}
>  {russian/scripttag}  =>  {cyrl}
>  {russian/language}  =>  {Russian}
>  {russian/langtag}  =>  {RUS}
>  {russian/bcp47}  =>  {ru}
>  {russian/hyphennames}  =>  {russian}
>  {russian/direction}  =>  {LR}
>  {russian/hyphenmins}  =>  {2,2}
>  {russian/frenchspacing}  =>  {true}
>  {russian/indentfirst}  =>  {true}
>  {russian/fontsetup}  =>  {true}
>  {russian/envname}  =>  {russian}
>  {russian/babelname}  =>  {russian}
>  {russian/localnumeral}  =>  {russiannumerals}
>  {russian/Localnumeral}  =>  {Russiannumerals}
>  {english/script}  =>  {latin}
>  {english/lcscript}  =>  {latin}
>  {english/scripttag}  =>  {}
>  {english/language}  =>  {English}
>  {english/langtag}  =>  {ENG}
>  {english/bcp47}  =>  {en-US}
>  {english/hyphennames}  =>  {english,american,usenglish,USenglish}
>  {english/direction}  =>  {LR}
>  {english/hyphenmins}  =>  {2,3}
>  {english/frenchspacing}  =>  {false}
>  {english/indentfirst}  =>  {false}
>  {english/fontsetup}  =>  {true}
>  {english/envname}  =>  {english}
>  {english/babelname}  =>  {american}
>  {english/localnumeral}  =>  {polyglossia@C@localnumeral}
>  {english/Localnumeral}  =>  {polyglossia@C@localnumeral}.
 [32] (./vkr.aux
LaTeX Info: Redefining \rmfamily on input line 20.
LaTeX Info: Redefining \sffamily on input line 20.
LaTeX Info: Redefining \ttfamily on input line 20.
LaTeX Info: Redefining \rmfamily on input line 97.
LaTeX Info: Redefining \sffamily on input line 97.
LaTeX Info: Redefining \ttfamily on input line 97.
LaTeX Info: Redefining \rmfamily on input line 101.
LaTeX Info: Redefining \sffamily on input line 101.
LaTeX Info: Redefining \ttfamily on input line 101.
LaTeX Info: Redefining \rmfamily on input line 105.
LaTeX Info: Redefining \sffamily on input line 105.
LaTeX Info: Redefining \ttfamily on input line 105.
LaTeX Info: Redefining \rmfamily on input line 109.
LaTeX Info: Redefining \sffamily on input line 109.
LaTeX Info: Redefining \ttfamily on input line 109.
LaTeX Info: Redefining \rmfamily on input line 113.
LaTeX Info: Redefining \sffamily on input line 113.
LaTeX Info: Redefining \ttfamily on input line 113.
LaTeX Info: Redefining \rmfamily on input line 117.
LaTeX Info: Redefining \sffamily on input line 117.
LaTeX Info: Redefining \ttfamily on input line 117.
LaTeX Info: Redefining \rmfamily on input line 121.
LaTeX Info: Redefining \sffamily on input line 121.
LaTeX Info: Redefining \ttfamily on input line 121.
LaTeX Info: Redefining \rmfamily on input line 125.
LaTeX Info: Redefining \sffamily on input line 125.
LaTeX Info: Redefining \ttfamily on input line 125.
LaTeX Info: Redefining \rmfamily on input line 141.
LaTeX Info: Redefining \sffamily on input line 141.
LaTeX Info: Redefining \ttfamily on input line 141.
LaTeX Info: Redefining \rmfamily on input line 145.
LaTeX Info: Redefining \sffamily on input line 145.
LaTeX Info: Redefining \ttfamily on input line 145.
LaTeX Info: Redefining \rmfamily on input line 149.
LaTeX Info: Redefining \sffamily on input line 149.
LaTeX Info: Redefining \ttfamily on input line 149.
LaTeX Info: Redefining \rmfamily on input line 153.
LaTeX Info: Redefining \sffamily on input line 153.
LaTeX Info: Redefining \ttfamily on input line 153.
LaTeX Info: Redefining \rmfamily on input line 157.
LaTeX Info: Redefining \sffamily on input line 157.
LaTeX Info: Redefining \ttfamily on input line 157.
LaTeX Info: Redefining \rmfamily on input line 161.
LaTeX Info: Redefining \sffamily on input line 161.
LaTeX Info: Redefining \ttfamily on input line 161.
LaTeX Info: Redefining \rmfamily on input line 165.
LaTeX Info: Redefining \sffamily on input line 165.
LaTeX Info: Redefining \ttfamily on input line 165.
LaTeX Info: Redefining \rmfamily on input line 169.
LaTeX Info: Redefining \sffamily on input line 169.
LaTeX Info: Redefining \ttfamily on input line 169.
LaTeX Info: Redefining \rmfamily on input line 173.
LaTeX Info: Redefining \sffamily on input line 173.
LaTeX Info: Redefining \ttfamily on input line 173.
LaTeX Info: Redefining \rmfamily on input line 177.
LaTeX Info: Redefining \sffamily on input line 177.
LaTeX Info: Redefining \ttfamily on input line 177.
LaTeX Info: Redefining \rmfamily on input line 181.
LaTeX Info: Redefining \sffamily on input line 181.
LaTeX Info: Redefining \ttfamily on input line 181.
LaTeX Info: Redefining \rmfamily on input line 186.
LaTeX Info: Redefining \sffamily on input line 186.
LaTeX Info: Redefining \ttfamily on input line 186.
LaTeX Info: Redefining \rmfamily on input line 190.
LaTeX Info: Redefining \sffamily on input line 190.
LaTeX Info: Redefining \ttfamily on input line 190.
LaTeX Info: Redefining \rmfamily on input line 194.
LaTeX Info: Redefining \sffamily on input line 194.
LaTeX Info: Redefining \ttfamily on input line 194.
LaTeX Info: Redefining \rmfamily on input line 198.
LaTeX Info: Redefining \sffamily on input line 198.
LaTeX Info: Redefining \ttfamily on input line 198.
LaTeX Info: Redefining \rmfamily on input line 202.
LaTeX Info: Redefining \sffamily on input line 202.
LaTeX Info: Redefining \ttfamily on input line 202.
LaTeX Info: Redefining \rmfamily on input line 206.
LaTeX Info: Redefining \sffamily on input line 206.
LaTeX Info: Redefining \ttfamily on input line 206.
LaTeX Info: Redefining \rmfamily on input line 210.
LaTeX Info: Redefining \sffamily on input line 210.
LaTeX Info: Redefining \ttfamily on input line 210.
LaTeX Info: Redefining \rmfamily on input line 214.
LaTeX Info: Redefining \sffamily on input line 214.
LaTeX Info: Redefining \ttfamily on input line 214.
LaTeX Info: Redefining \rmfamily on input line 218.
LaTeX Info: Redefining \sffamily on input line 218.
LaTeX Info: Redefining \ttfamily on input line 218.
LaTeX Info: Redefining \rmfamily on input line 222.
LaTeX Info: Redefining \sffamily on input line 222.
LaTeX Info: Redefining \ttfamily on input line 222.
LaTeX Info: Redefining \rmfamily on input line 226.
LaTeX Info: Redefining \sffamily on input line 226.
LaTeX Info: Redefining \ttfamily on input line 226.
LaTeX Info: Redefining \rmfamily on input line 230.
LaTeX Info: Redefining \sffamily on input line 230.
LaTeX Info: Redefining \ttfamily on input line 230.
LaTeX Info: Redefining \rmfamily on input line 234.
LaTeX Info: Redefining \sffamily on input line 234.
LaTeX Info: Redefining \ttfamily on input line 234.
LaTeX Info: Redefining \rmfamily on input line 238.
LaTeX Info: Redefining \sffamily on input line 238.
LaTeX Info: Redefining \ttfamily on input line 238.
LaTeX Info: Redefining \rmfamily on input line 242.
LaTeX Info: Redefining \sffamily on input line 242.
LaTeX Info: Redefining \ttfamily on input line 242.
LaTeX Info: Redefining \rmfamily on input line 246.
LaTeX Info: Redefining \sffamily on input line 246.
LaTeX Info: Redefining \ttfamily on input line 246.
LaTeX Info: Redefining \rmfamily on input line 250.
LaTeX Info: Redefining \sffamily on input line 250.
LaTeX Info: Redefining \ttfamily on input line 250.
LaTeX Info: Redefining \rmfamily on input line 254.
LaTeX Info: Redefining \sffamily on input line 254.
LaTeX Info: Redefining \ttfamily on input line 254.
LaTeX Info: Redefining \rmfamily on input line 258.
LaTeX Info: Redefining \sffamily on input line 258.
LaTeX Info: Redefining \ttfamily on input line 258.
LaTeX Info: Redefining \rmfamily on input line 262.
LaTeX Info: Redefining \sffamily on input line 262.
LaTeX Info: Redefining \ttfamily on input line 262.
LaTeX Info: Redefining \rmfamily on input line 266.
LaTeX Info: Redefining \sffamily on input line 266.
LaTeX Info: Redefining \ttfamily on input line 266.
LaTeX Info: Redefining \rmfamily on input line 270.
LaTeX Info: Redefining \sffamily on input line 270.
LaTeX Info: Redefining \ttfamily on input line 270.
LaTeX Info: Redefining \rmfamily on input line 274.
LaTeX Info: Redefining \sffamily on input line 274.
LaTeX Info: Redefining \ttfamily on input line 274.
)
Package rerunfilecheck Info: File `vkr.out' has not changed.
(rerunfilecheck)             Checksum: 7CC53E0F9696F093B6D897EB98B62F45;3000.
 ) 
Here is how much of TeX's memory you used:
 44158 strings out of 477416
 969164 string characters out of 5844819
 1364229 words of memory out of 5000000
 63875 multiletter control sequences out of 15000+600000
 475629 words of font info for 118 fonts, out of 8000000 for 9000
 682 hyphenation exceptions out of 8191
 90i,14n,131p,1000b,1268s stack positions out of 5000i,500n,10000p,200000b,80000s

Output written on vkr.xdv (32 pages, 355556 bytes).
